time_s,mode,targetDepth_m,depth_m,current_A,currentRawAdc,controlOutput,Kp,Ki,Kd
0.100,1,1.0000,0.8561,-0.147,511.000,0.14451,1.000,0.040,2.500
0.200,1,1.0000,0.8510,-0.391,506.000,0.40590,1.000,0.040,2.500
0.300,1,1.0000,0.8530,-0.196,510.000,-0.00466,1.000,0.040,2.500
0.400,1,1.0000,0.8458,-0.782,498.000,0.61676,1.000,0.040,2.500
0.500,1,1.0000,0.8561,-5.425,403.000,-0.82475,1.000,0.040,2.500
0.600,1,1.0000,0.8315,-3.030,452.000,-1.77109,1.000,0.040,2.500
0.700,1,1.0000,0.8602,-1.369,486.000,-0.72521,1.000,0.040,2.500
0.800,1,1.0000,0.8203,-3.519,442.000,1.87120,1.000,0.040,2.500
0.900,1,1.0000,0.8479,-5.670,398.000,0.05541,1.000,0.040,2.500
1.000,1,1.0000,0.8325,-3.910,434.000,1.86123,1.000,0.040,2.500
1.119,1,1.0000,0.8530,-2.395,465.000,0.46569,1.000,0.040,2.500
1.203,1,1.0000,0.8489,-1.124,491.000,-1.43959,1.000,0.040,2.500
1.300,1,1.0000,0.8550,-2.151,470.000,-0.40958,1.000,0.040,2.500
1.400,1,1.0000,0.8571,-1.320,487.000,0.45830,1.000,0.040,2.500
1.500,1,1.0000,0.8233,-4.203,428.000,0.64616,1.000,0.040,2.500
1.600,1,1.0000,0.8458,-3.666,439.000,0.21620,1.000,0.040,2.500
1.700,1,1.0000,0.8407,-0.342,507.000,0.73228,1.000,0.040,2.500
1.800,1,1.0000,0.8325,-0.538,503.000,0.53656,1.000,0.040,2.500
1.900,1,1.0000,0.8510,-1.760,478.000,-0.60628,1.000,0.040,2.500
2.000,1,1.0000,0.8479,-6.061,390.000,-0.96054,1.000,0.040,2.500
2.100,1,1.0000,0.8295,-2.444,464.000,-2.31513,1.000,0.040,2.500
2.200,1,1.0000,0.8561,-11.877,271.000,-1.73438,1.000,0.040,2.500
2.300,1,1.0000,0.8602,-0.978,494.000,0.00083,1.000,0.040,2.500
2.400,1,1.0000,0.8141,-10.802,293.000,1.83741,1.000,0.040,2.500
2.500,1,1.0000,0.8387,-2.590,461.000,-1.20365,1.000,0.040,2.500
2.600,1,1.0000,0.8540,-1.026,493.000,-0.55357,1.000,0.040,2.500
2.700,1,1.0000,0.8387,-0.929,495.000,-1.96940,1.000,0.040,2.500
2.800,1,1.0000,0.8121,-7.234,366.000,1.07513,1.000,0.040,2.500
2.900,1,1.0000,0.8254,-2.102,471.000,0.34657,1.000,0.040,2.500
3.000,1,1.0000,0.8264,-1.906,475.000,-0.11400,1.000,0.040,2.500
3.100,1,1.0000,0.8100,-1.760,478.000,0.98297,1.000,0.040,2.500
3.200,1,1.0000,0.8039,-2.053,472.000,0.26799,1.000,0.040,2.500
3.300,1,1.0000,0.8213,-3.617,440.000,0.50700,1.000,0.040,2.500
3.400,1,1.0000,0.8653,-5.474,402.000,-2.50241,1.000,0.040,2.500
3.500,1,1.0000,0.7937,-2.590,461.000,0.17811,1.000,0.040,2.500
3.600,1,1.0000,0.8039,-9.580,318.000,1.24256,1.000,0.040,2.500
3.700,1,1.0000,0.8325,-2.737,458.000,0.08953,1.000,0.040,2.500
3.800,1,1.0000,0.8162,-5.523,401.000,0.66914,1.000,0.040,2.500
3.900,1,1.0000,0.7835,-5.963,392.000,3.25958,1.000,0.040,2.500
4.000,1,1.0000,0.8090,-5.816,395.000,0.57552,1.000,0.040,2.500
4.100,1,1.0000,0.8366,-2.981,453.000,-0.38472,1.000,0.040,2.500
4.200,1,1.0000,0.8213,-5.327,405.000,0.51348,1.000,0.040,2.500
4.300,1,1.0000,0.8213,-5.914,393.000,1.48579,1.000,0.040,2.500
4.400,1,1.0000,0.8264,-0.733,499.000,0.04948,1.000,0.040,2.500
4.500,1,1.0000,0.8233,-0.733,499.000,0.41122,1.000,0.040,2.500
4.600,1,1.0000,0.8336,-0.244,509.000,0.09483,1.000,0.040,2.500
4.700,1,1.0000,0.7998,-6.305,385.000,1.35668,1.000,0.040,2.500
4.800,1,1.0000,0.8274,-1.466,484.000,0.61379,1.000,0.040,2.500
4.900,1,1.0000,0.8152,-9.433,321.000,0.16655,1.000,0.040,2.500
5.000,1,1.0000,0.8070,-10.557,298.000,0.07323,1.000,0.040,2.500
5.100,1,1.0000,0.7998,-10.313,303.000,-1.16004,1.000,0.040,2.500
5.200,1,1.0000,0.7875,-2.835,456.000,-0.11018,1.000,0.040,2.500
5.300,1,1.0000,0.8060,-9.482,320.000,0.53699,1.000,0.040,2.500
5.400,1,1.0000,0.8295,-2.053,472.000,-1.58249,1.000,0.040,2.500
5.500,1,1.0000,0.8775,-6.403,383.000,-3.57321,1.000,0.040,2.500
5.600,1,1.0000,0.7599,-6.403,383.000,1.65924,1.000,0.040,2.500
5.700,1,1.0000,0.7425,-6.354,384.000,-0.36789,1.000,0.040,2.500
5.800,1,1.0000,0.7794,-2.933,454.000,1.23259,1.000,0.040,2.500
5.900,1,1.0000,0.7927,-9.189,326.000,2.70306,1.000,0.040,2.500
6.000,1,1.0000,0.7477,-5.132,409.000,0.44780,1.000,0.040,2.500
6.100,1,1.0000,0.7783,-0.684,500.000,-1.04357,1.000,0.040,2.500
6.200,1,1.0000,0.7763,-0.831,497.000,0.47213,1.000,0.040,2.500
6.300,1,1.0000,0.7589,-2.102,471.000,1.15526,1.000,0.040,2.500
6.400,1,1.0000,0.7517,-8.700,336.000,0.03836,1.000,0.040,2.500
6.500,1,1.0000,0.7610,-5.376,404.000,2.07561,1.000,0.040,2.500
6.600,1,1.0000,0.7773,-0.391,506.000,-0.03657,1.000,0.040,2.500
6.700,1,1.0000,0.7804,-0.978,494.000,0.37035,1.000,0.040,2.500
6.800,1,1.0000,0.8060,-2.395,465.000,-1.49538,1.000,0.040,2.500
6.900,1,1.0000,0.7886,-2.151,470.000,0.97751,1.000,0.040,2.500
7.000,1,1.0000,0.7722,-1.808,477.000,1.55726,1.000,0.040,2.500
7.100,1,1.0000,0.7978,-5.523,401.000,0.25402,1.000,0.040,2.500
7.200,1,1.0000,0.8336,-1.760,478.000,-0.80385,1.000,0.040,2.500
7.300,1,1.0000,0.8008,-3.470,443.000,1.42861,1.000,0.040,2.500
7.400,1,1.0000,0.7835,-6.256,386.000,-0.34299,1.000,0.040,2.500
7.500,1,1.0000,0.8540,-3.324,446.000,-1.07773,1.000,0.040,2.500
7.600,1,1.0000,0.8203,-13.783,232.000,0.23522,1.000,0.040,2.500
7.700,1,1.0000,0.7916,-2.493,463.000,1.28743,1.000,0.040,2.500
7.800,1,1.0000,0.7998,-5.767,396.000,-0.50979,1.000,0.040,2.500
7.900,1,1.0000,0.7845,-1.369,486.000,-2.38563,1.000,0.040,2.500
8.000,1,1.0000,0.7794,-1.906,475.000,0.38188,1.000,0.040,2.500
8.101,1,1.0000,0.7661,-2.102,471.000,-0.14270,1.000,0.040,2.500
8.200,1,1.0000,0.7640,-2.297,467.000,1.37072,1.000,0.040,2.500
8.300,1,1.0000,0.7886,-2.102,471.000,-0.69851,1.000,0.040,2.500
8.400,1,1.0000,0.7538,-9.384,322.000,1.22937,1.000,0.040,2.500
8.500,1,1.0000,0.7579,-6.696,377.000,1.48189,1.000,0.040,2.500
8.600,1,1.0000,0.7916,-1.124,491.000,-0.85225,1.000,0.040,2.500
8.700,1,1.0000,0.7875,-5.963,392.000,-0.18248,1.000,0.040,2.500
8.800,1,1.0000,0.8029,-1.222,489.000,0.82573,1.000,0.040,2.500
8.900,1,1.0000,0.7937,-4.008,432.000,0.42664,1.000,0.040,2.500
9.000,1,1.0000,0.8213,-0.831,497.000,-1.03211,1.000,0.040,2.500
9.100,1,1.0000,0.8223,-2.542,462.000,-3.44058,1.000,0.040,2.500
9.200,1,1.0000,0.8418,-0.978,494.000,-0.23283,1.000,0.040,2.500
9.300,1,1.0000,0.8152,-7.380,363.000,1.07295,1.000,0.040,2.500
9.400,1,1.0000,0.8193,-1.271,488.000,0.60932,1.000,0.040,2.500
9.500,1,1.0000,0.8233,-1.808,477.000,0.75933,1.000,0.040,2.500
9.600,1,1.0000,0.8407,-2.395,465.000,0.28232,1.000,0.040,2.500
9.700,1,1.0000,0.8397,-1.124,491.000,-2.11946,1.000,0.040,2.500
9.800,1,1.0000,0.8305,-8.944,331.000,0.19169,1.000,0.040,2.500
9.900,1,1.0000,0.7998,-4.008,432.000,2.83117,1.000,0.040,2.500
10.000,1,1.0000,0.8295,-1.955,474.000,0.39864,1.000,0.040,2.500
10.100,1,1.0000,0.8264,-1.271,488.000,0.48684,1.000,0.040,2.500
10.200,1,1.0000,0.8315,-0.587,502.000,0.29568,1.000,0.040,2.500
10.300,1,1.0000,0.8193,-10.264,304.000,-0.10043,1.000,0.040,2.500
10.400,1,1.0000,0.8080,-2.151,470.000,1.59913,1.000,0.040,2.500
10.500,1,1.0000,0.8203,-2.933,454.000,-0.45796,1.000,0.040,2.500
10.600,1,1.0000,0.8223,-4.692,418.000,-0.25472,1.000,0.040,2.500
10.700,1,1.0000,0.8213,-1.026,493.000,-0.09955,1.000,0.040,2.500
10.800,1,1.0000,0.8121,-5.132,409.000,0.52407,1.000,0.040,2.500
10.900,1,1.0000,0.8285,-2.639,460.000,-0.82119,1.000,0.040,2.500
11.000,1,1.0000,0.8172,-9.775,314.000,-0.09325,1.000,0.040,2.500
11.100,1,1.0000,0.7957,-1.320,487.000,2.24927,1.000,0.040,2.500
11.200,1,1.0000,0.8489,-2.248,468.000,-2.73158,1.000,0.040,2.500
11.300,1,1.0000,0.8182,-4.252,427.000,0.01021,1.000,0.040,2.500
11.400,1,1.0000,0.8100,-0.391,506.000,1.09305,1.000,0.040,2.500
11.500,1,1.0000,0.8019,-5.621,399.000,-0.22758,1.000,0.040,2.500
11.600,1,1.0000,0.7988,-0.733,499.000,0.69679,1.000,0.040,2.500
11.700,1,1.0000,0.8223,-1.857,476.000,-0.75789,1.000,0.040,2.500
11.800,1,1.0000,0.7804,-6.109,389.000,0.25658,1.000,0.040,2.500
11.900,1,1.0000,0.7630,-2.835,456.000,2.01358,1.000,0.040,2.500
12.000,1,1.0000,0.7906,-4.545,421.000,0.19693,1.000,0.040,2.500
12.100,1,1.0000,0.7865,-0.880,496.000,0.81553,1.000,0.040,2.500
12.200,1,1.0000,0.7589,-8.993,330.000,1.04863,1.000,0.040,2.500
12.300,1,1.0000,0.7395,-6.891,373.000,2.85888,1.000,0.040,2.500
12.400,1,1.0000,0.7804,-1.222,489.000,-1.01654,1.000,0.040,2.500
12.500,1,1.0000,0.7763,-6.452,382.000,-0.14217,1.000,0.040,2.500
12.600,1,1.0000,0.7824,-1.026,493.000,-0.40310,1.000,0.040,2.500
12.700,1,1.0000,0.7886,-0.440,505.000,0.10301,1.000,0.040,2.500
12.800,1,1.0000,0.7916,-0.929,495.000,-0.66628,1.000,0.040,2.500
12.900,1,1.0000,0.8141,-1.124,491.000,-0.17663,1.000,0.040,2.500
13.000,1,1.0000,0.7998,-2.884,455.000,0.34989,1.000,0.040,2.500
13.100,1,1.0000,0.8213,-1.515,483.000,0.04013,1.000,0.040,2.500
13.200,1,1.0000,0.8182,-0.342,507.000,0.84429,1.000,0.040,2.500
13.300,1,1.0000,0.8141,-3.715,438.000,0.44001,1.000,0.040,2.500
13.400,1,1.0000,0.8162,-1.808,477.000,-0.83974,1.000,0.040,2.500
13.500,1,1.0000,0.8775,-6.109,389.000,-3.30402,1.000,0.040,2.500
13.600,1,1.0000,0.8285,-4.203,428.000,-1.36202,1.000,0.040,2.500
13.700,1,1.0000,0.8458,-10.753,294.000,2.09860,1.000,0.040,2.500
13.800,1,1.0000,0.8571,-3.030,452.000,-1.95199,1.000,0.040,2.500
13.900,1,1.0000,0.8632,-2.933,454.000,0.80392,1.000,0.040,2.500
14.000,1,1.0000,0.8980,-2.395,465.000,-0.56004,1.000,0.040,2.500
14.100,1,1.0000,0.9246,-0.587,502.000,-0.83009,1.000,0.040,2.500
14.200,1,1.0000,0.8898,-15.347,200.000,-0.14195,1.000,0.040,2.500
14.300,1,1.0000,0.9266,-1.417,485.000,-0.17846,1.000,0.040,2.500
14.400,1,1.0000,0.9144,-4.545,421.000,0.60123,1.000,0.040,2.500
14.500,1,1.0000,0.8806,-6.794,375.000,3.60140,1.000,0.040,2.500
14.600,1,1.0000,0.9154,-4.057,431.000,0.44746,1.000,0.040,2.500
14.700,1,1.0000,0.9635,-2.590,461.000,-0.41867,1.000,0.040,2.500
14.800,1,1.0000,0.8816,-5.572,400.000,2.88529,1.000,0.040,2.500
14.900,1,1.0000,0.8366,-8.798,334.000,1.03877,1.000,0.040,2.500
15.000,1,1.0000,0.9021,-1.369,486.000,-2.55480,1.000,0.040,2.500
15.100,1,1.0000,0.8704,-14.467,218.000,-0.89083,1.000,0.040,2.500
15.200,1,1.0000,0.8346,-3.079,451.000,0.99137,1.000,0.040,2.500
15.300,1,1.0000,0.7988,-5.816,395.000,1.74386,1.000,0.040,2.500
15.400,1,1.0000,0.7804,-10.948,290.000,0.63808,1.000,0.040,2.500
15.500,1,1.0000,0.7589,-5.670,398.000,1.17188,1.000,0.040,2.500
15.600,1,1.0000,0.7119,-6.012,391.000,2.39621,1.000,0.040,2.500
15.700,1,1.0000,0.6996,-6.843,374.000,2.97211,1.000,0.040,2.500
15.800,1,1.0000,0.7456,-4.839,415.000,-0.29464,1.000,0.040,2.500
15.900,1,1.0000,0.7528,-2.395,465.000,0.92650,1.000,0.040,2.500
16.000,1,1.0000,0.7528,-2.444,464.000,-0.81119,1.000,0.040,2.500
16.102,1,1.0000,0.7548,-3.812,436.000,-0.44675,1.000,0.040,2.500
16.200,1,1.0000,0.7620,-0.538,503.000,0.25549,1.000,0.040,2.500
16.300,1,1.0000,0.7722,-0.538,503.000,0.24618,1.000,0.040,2.500
16.400,1,1.0000,0.7763,-6.598,379.000,-0.31952,1.000,0.040,2.500
16.500,1,1.0000,0.7456,-5.327,405.000,1.14405,1.000,0.040,2.500
16.600,1,1.0000,0.7712,-4.252,427.000,1.63074,1.000,0.040,2.500
16.700,1,1.0000,0.6934,-7.771,355.000,5.54493,1.000,0.040,2.500
16.800,1,1.0000,0.7681,-5.132,409.000,-0.00069,1.000,0.040,2.500
16.900,1,1.0000,0.7875,-19.257,120.000,0.79894,1.000,0.040,2.500
17.000,1,1.0000,0.7957,-2.297,467.000,-0.58915,1.000,0.040,2.500
17.100,1,1.0000,0.7875,-5.034,411.000,0.34039,1.000,0.040,2.500
17.200,1,1.0000,0.7886,-0.587,502.000,0.59590,1.000,0.040,2.500
17.300,1,1.0000,0.7824,-1.173,490.000,0.75631,1.000,0.040,2.500
17.400,1,1.0000,0.7742,-11.046,288.000,-0.10396,1.000,0.040,2.500
17.500,1,1.0000,0.7753,-3.226,448.000,2.35052,1.000,0.040,2.500
17.600,1,1.0000,0.8100,-1.711,479.000,-0.95635,1.000,0.040,2.500
17.700,1,1.0000,0.7783,-12.903,250.000,0.86610,1.000,0.040,2.500
17.800,1,1.0000,0.8039,-2.199,469.000,0.63674,1.000,0.040,2.500
17.900,1,1.0000,0.8172,-10.166,306.000,-1.06336,1.000,0.040,2.500
18.000,1,1.0000,0.7906,-2.981,453.000,-0.93360,1.000,0.040,2.500
18.100,1,1.0000,0.8029,-1.808,477.000,-0.14230,1.000,0.040,2.500
18.200,1,1.0000,0.8049,-1.417,485.000,0.02532,1.000,0.040,2.500
18.300,1,1.0000,0.7957,-11.290,283.000,0.23990,1.000,0.040,2.500
18.400,1,1.0000,0.7875,-0.587,502.000,1.11827,1.000,0.040,2.500
18.500,1,1.0000,0.7906,-0.831,497.000,0.34895,1.000,0.040,2.500
18.600,1,1.0000,0.7661,-2.737,458.000,1.60173,1.000,0.040,2.500
18.700,1,1.0000,0.7630,-2.102,471.000,0.48068,1.000,0.040,2.500
18.800,1,1.0000,0.7446,-1.515,483.000,2.13649,1.000,0.040,2.500
18.900,1,1.0000,0.7947,-7.331,364.000,-0.36745,1.000,0.040,2.500
19.000,1,1.0000,0.7558,-1.417,485.000,2.58723,1.000,0.040,2.500
19.100,1,1.0000,0.7722,-0.929,495.000,0.55543,1.000,0.040,2.500
19.200,1,1.0000,0.7763,-5.474,402.000,-0.14178,1.000,0.040,2.500
19.300,1,1.0000,0.7528,-4.057,431.000,0.29185,1.000,0.040,2.500
19.400,1,1.0000,0.7855,-2.297,467.000,-0.04684,1.000,0.040,2.500
19.500,1,1.0000,0.7702,-2.346,466.000,1.19673,1.000,0.040,2.500
19.600,1,1.0000,0.7845,-1.760,478.000,0.21164,1.000,0.040,2.500
19.700,1,1.0000,0.7671,-4.448,423.000,0.12769,1.000,0.040,2.500
19.800,1,1.0000,0.7896,-2.884,455.000,0.66855,1.000,0.040,2.500
19.900,1,1.0000,0.7906,-1.026,493.000,0.82176,1.000,0.040,2.500
20.000,1,1.0000,0.7865,-8.553,339.000,0.11077,1.000,0.040,2.500
20.100,1,1.0000,0.7855,-0.684,500.000,0.90350,1.000,0.040,2.500
20.200,1,1.0000,0.7763,-1.857,476.000,0.63411,1.000,0.040,2.500
20.300,1,1.0000,0.7794,-2.688,459.000,0.27395,1.000,0.040,2.500
20.400,1,1.0000,0.7702,-8.993,330.000,-0.02274,1.000,0.040,2.500
20.500,1,1.0000,0.7722,-1.662,480.000,1.45912,1.000,0.040,2.500
20.600,1,1.0000,0.7967,-3.763,437.000,-0.91697,1.000,0.040,2.500
20.700,1,1.0000,0.7794,-4.301,426.000,0.58433,1.000,0.040,2.500
20.800,1,1.0000,0.7569,-5.132,409.000,2.75556,1.000,0.040,2.500
20.900,1,1.0000,0.7804,-0.978,494.000,-0.07973,1.000,0.040,2.500
21.000,1,1.0000,0.7722,-0.782,498.000,1.15668,1.000,0.040,2.500
21.100,1,1.0000,0.7845,-0.587,502.000,0.08087,1.000,0.040,2.500
21.200,1,1.0000,0.7865,-2.004,473.000,0.37700,1.000,0.040,2.500
21.300,1,1.0000,0.7599,-1.466,484.000,2.45004,1.000,0.040,2.500
21.400,1,1.0000,0.7865,-0.733,499.000,-0.18378,1.000,0.040,2.500
21.500,1,1.0000,0.7804,-0.538,503.000,0.99941,1.000,0.040,2.500
21.600,1,1.0000,0.7957,-1.417,485.000,-0.56804,1.000,0.040,2.500
21.700,1,1.0000,0.7906,-2.053,472.000,0.53062,1.000,0.040,2.500
21.800,1,1.0000,0.7855,-10.459,300.000,-0.23047,1.000,0.040,2.500
21.900,1,1.0000,0.7640,-3.763,437.000,0.81472,1.000,0.040,2.500
22.000,1,1.0000,0.8019,-2.248,468.000,-0.24509,1.000,0.040,2.500
22.100,1,1.0000,0.7814,-2.981,453.000,0.99868,1.000,0.040,2.500
22.200,1,1.0000,0.7988,-3.030,452.000,-0.95626,1.000,0.040,2.500
22.300,1,1.0000,0.7865,-8.798,334.000,0.28421,1.000,0.040,2.500
22.400,1,1.0000,0.7538,-3.959,433.000,3.33502,1.000,0.040,2.500
22.500,1,1.0000,0.7742,-5.523,401.000,1.06531,1.000,0.040,2.500
22.600,1,1.0000,0.7814,-3.128,450.000,1.46810,1.000,0.040,2.500
22.700,1,1.0000,0.7620,-10.068,308.000,0.67024,1.000,0.040,2.500
22.800,1,1.0000,0.7640,-10.557,298.000,-0.25133,1.000,0.040,2.500
22.900,1,1.0000,0.7528,-1.124,491.000,-0.64817,1.000,0.040,2.500
23.000,1,1.0000,0.7640,-2.493,463.000,0.77341,1.000,0.040,2.500
23.100,1,1.0000,0.7712,-1.369,486.000,0.40919,1.000,0.040,2.500
23.200,1,1.0000,0.7804,-5.132,409.000,-0.26392,1.000,0.040,2.500
23.300,1,1.0000,0.7691,-1.955,474.000,-1.12105,1.000,0.040,2.500
23.400,1,1.0000,0.8131,-6.109,389.000,-0.49944,1.000,0.040,2.500
23.500,1,1.0000,0.7640,-5.132,409.000,1.80067,1.000,0.040,2.500
23.600,1,1.0000,0.7906,-0.440,505.000,-0.32176,1.000,0.040,2.500
23.700,1,1.0000,0.7896,-0.538,503.000,0.70287,1.000,0.040,2.500
23.800,1,1.0000,0.7886,-2.444,464.000,0.34677,1.000,0.040,2.500
23.900,1,1.0000,0.7466,-7.918,352.000,1.46360,1.000,0.040,2.500
24.000,1,1.0000,0.7446,-6.940,372.000,2.38710,1.000,0.040,2.500
24.100,1,1.0000,0.7732,-2.981,453.000,0.17823,1.000,0.040,2.500
24.200,1,1.0000,0.7753,-0.391,506.000,0.77290,1.000,0.040,2.500
24.300,1,1.0000,0.7548,-10.753,294.000,0.94773,1.000,0.040,2.500
24.400,1,1.0000,0.7466,-4.545,421.000,2.74671,1.000,0.040,2.500
24.500,1,1.0000,0.7589,-2.835,456.000,0.68982,1.000,0.040,2.500
24.600,1,1.0000,0.7722,-2.297,467.000,-0.19191,1.000,0.040,2.500
24.700,1,1.0000,0.7875,-0.831,497.000,-0.15524,1.000,0.040,2.500
24.800,1,1.0000,0.7875,-0.538,503.000,0.15246,1.000,0.040,2.500
24.900,1,1.0000,0.7794,-2.053,472.000,0.82632,1.000,0.040,2.500
25.000,1,1.0000,0.7753,-1.711,479.000,-1.00965,1.000,0.040,2.500
25.100,1,1.0000,0.7875,-1.271,488.000,0.53258,1.000,0.040,2.500
25.200,1,1.0000,0.7712,-8.895,332.000,0.53038,1.000,0.040,2.500
25.300,1,1.0000,0.7712,-1.955,474.000,1.40062,1.000,0.040,2.500
25.400,1,1.0000,0.7855,-10.459,300.000,-0.65837,1.000,0.040,2.500
25.500,1,1.0000,0.7528,-5.376,404.000,-0.77802,1.000,0.040,2.500
25.600,1,1.0000,0.7865,-6.109,389.000,0.28858,1.000,0.040,2.500
25.700,1,1.0000,0.7691,-1.613,481.000,-1.15051,1.000,0.040,2.500
25.800,1,1.0000,0.7681,-9.873,312.000,0.12993,1.000,0.040,2.500
25.900,1,1.0000,0.7794,-5.474,402.000,-0.23838,1.000,0.040,2.500
26.000,1,1.0000,0.7517,-2.444,464.000,0.71072,1.000,0.040,2.500
26.100,1,1.0000,0.7282,-6.549,380.000,4.01054,1.000,0.040,2.500
26.200,1,1.0000,0.7282,-9.482,320.000,2.47493,1.000,0.040,2.500
26.300,1,1.0000,0.7753,-6.109,389.000,0.69004,1.000,0.040,2.500
26.400,1,1.0000,0.7517,-4.154,429.000,3.22027,1.000,0.040,2.500
26.500,1,1.0000,0.7425,-6.109,389.000,0.57126,1.000,0.040,2.500
26.600,1,1.0000,0.7671,-1.760,478.000,-0.01487,1.000,0.040,2.500
26.700,1,1.0000,0.7610,-2.395,465.000,0.91271,1.000,0.040,2.500
26.800,1,1.0000,0.7702,-3.030,452.000,-0.01606,1.000,0.040,2.500
26.900,1,1.0000,0.7732,-1.075,492.000,0.33976,1.000,0.040,2.500
27.000,1,1.0000,0.7978,-3.128,450.000,-1.01355,1.000,0.040,2.500
27.100,1,1.0000,0.7374,-3.519,442.000,2.73930,1.000,0.040,2.500
27.200,1,1.0000,0.6505,-8.260,345.000,3.07372,1.000,0.040,2.500
27.300,1,1.0000,0.7630,-7.722,356.000,-3.37895,1.000,0.040,2.500
27.400,1,1.0000,0.7333,-3.568,441.000,0.43608,1.000,0.040,2.500
27.500,1,1.0000,0.6853,-3.079,451.000,2.37749,1.000,0.040,2.500
27.600,1,1.0000,0.7333,-1.808,477.000,-0.94237,1.000,0.040,2.500
27.700,1,1.0000,0.7466,-2.248,468.000,0.93748,1.000,0.040,2.500
27.800,1,1.0000,0.7139,-5.376,404.000,-0.56278,1.000,0.040,2.500
27.900,1,1.0000,0.7149,-4.692,418.000,0.46012,1.000,0.040,2.500
28.000,1,1.0000,0.7159,-5.132,409.000,2.14777,1.000,0.040,2.500
28.100,1,1.0000,0.7446,-4.448,423.000,0.83236,1.000,0.040,2.500
28.200,1,1.0000,0.7783,-2.493,463.000,0.14400,1.000,0.040,2.500
28.300,1,1.0000,0.7865,-0.489,504.000,0.39236,1.000,0.040,2.500
28.400,1,1.0000,0.8039,-1.955,474.000,-0.28902,1.000,0.040,2.500
28.500,1,1.0000,0.8080,-2.102,471.000,-0.85483,1.000,0.040,2.500
28.600,1,1.0000,0.8315,-10.166,306.000,1.16786,1.000,0.040,2.500
28.700,1,1.0000,0.8244,-2.542,462.000,-0.81866,1.000,0.040,2.500
28.800,1,1.0000,0.8663,-1.466,484.000,-1.01342,1.000,0.040,2.500
28.900,1,1.0000,0.8540,-2.102,471.000,0.89157,1.000,0.040,2.500
29.000,1,1.0000,0.8908,-3.715,438.000,-1.54828,1.000,0.040,2.500
29.100,1,1.0000,0.8868,-8.993,330.000,-0.42459,1.000,0.040,2.500
29.200,1,1.0000,0.9041,-1.955,474.000,-0.58903,1.000,0.040,2.500
29.300,1,1.0000,0.9052,-0.929,495.000,0.53538,1.000,0.040,2.500
29.400,1,1.0000,0.9266,-1.760,478.000,-1.37789,1.000,0.040,2.500
29.500,1,1.0000,0.9716,-6.500,381.000,-2.95682,1.000,0.040,2.500
29.600,1,1.0000,0.9645,-9.433,321.000,-1.34535,1.000,0.040,2.500
29.700,1,1.0000,0.9307,-6.256,386.000,-0.25617,1.000,0.040,2.500
29.800,1,1.0000,0.9880,-3.128,450.000,-0.67133,1.000,0.040,2.500
29.900,1,1.0000,1.0105,-2.835,456.000,-1.20521,1.000,0.040,2.500
30.000,1,1.0000,0.9962,-10.166,306.000,3.05357,1.000,0.040,2.500
30.100,1,1.0000,1.0085,-2.933,454.000,-2.56610,1.000,0.040,2.500
30.200,1,1.0000,1.0340,-4.545,421.000,-0.00154,1.000,0.040,2.500
30.300,1,1.0000,1.0402,-5.083,410.000,1.16832,1.000,0.040,2.500
30.400,1,1.0000,1.0852,-2.346,466.000,-1.63847,1.000,0.040,2.500
30.500,1,1.0000,1.0882,-9.286,324.000,-0.77248,1.000,0.040,2.500
30.600,1,1.0000,1.1220,-3.666,439.000,-1.93170,1.000,0.040,2.500
30.700,1,1.0000,1.1823,-6.354,384.000,-1.22564,1.000,0.040,2.500
30.800,1,1.0000,1.0801,-11.095,287.000,2.66052,1.000,0.040,2.500
30.900,1,1.0000,1.1639,-8.504,340.000,-0.23665,1.000,0.040,2.500
31.000,1,1.0000,1.1946,-2.786,457.000,0.55010,1.000,0.040,2.500
31.100,1,1.0000,1.2458,-2.835,456.000,-1.35577,1.000,0.040,2.500
31.200,1,1.0000,1.2652,-0.782,498.000,-0.74978,1.000,0.040,2.500
31.300,1,1.0000,1.2928,-0.782,498.000,-1.34105,1.000,0.040,2.500
31.400,1,1.0000,1.2734,-3.617,440.000,-0.09536,1.000,0.040,2.500
31.500,1,1.0000,1.3122,-9.384,322.000,-0.03320,1.000,0.040,2.500
31.600,1,1.0000,1.3051,-18.817,129.000,1.81367,1.000,0.040,2.500
31.700,1,1.0000,1.3583,-2.639,460.000,-2.22972,1.000,0.040,2.500
31.800,1,1.0000,1.3470,-6.061,390.000,1.05301,1.000,0.040,2.500
31.900,1,1.0000,1.3593,-2.444,464.000,-0.34145,1.000,0.040,2.500
32.000,1,1.0000,1.3623,-11.144,286.000,0.98360,1.000,0.040,2.500
32.100,1,1.0000,1.3756,-2.395,465.000,-0.15626,1.000,0.040,2.500
32.200,1,1.0000,1.3859,-2.004,473.000,0.18993,1.000,0.040,2.500
32.300,1,1.0000,1.3838,-5.816,395.000,0.65066,1.000,0.040,2.500
32.400,1,1.0000,1.4012,-0.978,494.000,-1.15817,1.000,0.040,2.500
32.500,1,1.0000,1.4145,-0.489,504.000,-1.01967,1.000,0.040,2.500
32.600,1,1.0000,1.4002,-6.256,386.000,-0.39327,1.000,0.040,2.500
32.700,1,1.0000,1.4125,-4.839,415.000,-0.15150,1.000,0.040,2.500
32.800,1,1.0000,1.4135,-2.053,472.000,1.07311,1.000,0.040,2.500
32.900,1,1.0000,1.4401,-1.955,474.000,-1.30760,1.000,0.040,2.500
33.000,1,1.0000,1.5076,-8.358,343.000,-0.45662,1.000,0.040,2.500
33.100,1,1.0000,1.4391,-5.865,394.000,0.65550,1.000,0.040,2.500
33.200,1,1.0000,1.4360,-5.230,407.000,1.55466,1.000,0.040,2.500
33.300,1,1.0000,1.4892,-5.963,392.000,-2.13130,1.000,0.040,2.500
33.400,1,1.0000,1.5403,-4.741,417.000,-2.28680,1.000,0.040,2.500
33.500,1,1.0000,1.5311,-8.749,335.000,1.70906,1.000,0.040,2.500
33.600,1,1.0000,1.5403,-2.933,454.000,-3.31383,1.000,0.040,2.500
33.700,1,1.0000,1.5669,-4.154,429.000,-1.24595,1.000,0.040,2.500
33.800,1,1.0000,1.5792,-2.786,457.000,-1.72074,1.000,0.040,2.500
33.900,1,1.0000,1.6682,-6.598,379.000,-1.55666,1.000,0.040,2.500
34.000,1,1.0000,1.6784,-6.891,373.000,-0.08658,1.000,0.040,2.500
34.100,1,1.0000,1.6007,-8.504,340.000,-1.60960,1.000,0.040,2.500
34.200,1,1.0000,1.6170,-1.613,481.000,-1.20620,1.000,0.040,2.500
34.300,1,1.0000,1.5710,-5.523,401.000,-3.20792,1.000,0.040,2.500
34.400,1,1.0000,1.5434,-0.978,494.000,0.95975,1.000,0.040,2.500
34.500,1,1.0000,1.5076,-10.704,295.000,-0.33611,1.000,0.040,2.500
34.600,1,1.0000,1.4421,-3.128,450.000,0.85260,1.000,0.040,2.500
34.700,1,1.0000,1.4196,-1.711,479.000,1.02679,1.000,0.040,2.500
34.800,1,1.0000,1.3930,-1.613,481.000,0.79608,1.000,0.040,2.500
34.900,1,1.0000,1.3736,-4.399,424.000,0.04692,1.000,0.040,2.500
35.000,1,1.0000,1.3235,-10.655,296.000,0.60710,1.000,0.040,2.500
35.101,1,1.0000,1.2693,-8.016,350.000,-0.29863,1.000,0.040,2.500
35.200,1,1.0000,1.2529,-3.030,452.000,0.26646,1.000,0.040,2.500
35.300,1,1.0000,1.2550,-1.417,485.000,0.51906,1.000,0.040,2.500
35.400,1,1.0000,1.2488,-0.831,497.000,0.57532,1.000,0.040,2.500
35.500,1,1.0000,1.2427,-2.102,471.000,-0.13546,1.000,0.040,2.500
35.600,1,1.0000,1.1977,-2.102,471.000,0.26672,1.000,0.040,2.500
35.700,1,1.0000,1.1823,-3.568,441.000,0.43473,1.000,0.040,2.500
35.800,1,1.0000,1.1302,-6.012,391.000,1.45796,1.000,0.040,2.500
35.900,1,1.0000,1.1271,-1.760,478.000,-0.02252,1.000,0.040,2.500
36.000,1,1.0000,1.1159,-2.297,467.000,0.29509,1.000,0.040,2.500
36.100,1,1.0000,1.0903,-1.369,486.000,0.71868,1.000,0.040,2.500
36.200,1,1.0000,1.0668,-2.102,471.000,1.00830,1.000,0.040,2.500
36.300,1,1.0000,1.0473,-1.711,479.000,0.97637,1.000,0.040,2.500
36.400,1,1.0000,1.0115,-10.899,291.000,0.14276,1.000,0.040,2.500
36.500,1,1.0000,0.9941,-10.606,297.000,-1.62963,1.000,0.040,2.500
36.600,1,1.0000,0.9849,-3.324,446.000,-0.59755,1.000,0.040,2.500
36.700,1,1.0000,0.9757,-3.275,447.000,0.33225,1.000,0.040,2.500
36.800,1,1.0000,0.9553,-2.248,468.000,1.01766,1.000,0.040,2.500
36.900,1,1.0000,0.9410,-10.704,295.000,-0.70648,1.000,0.040,2.500
37.000,1,1.0000,0.8847,-3.519,442.000,2.77646,1.000,0.040,2.500
37.100,1,1.0000,0.9481,-5.327,405.000,-1.75481,1.000,0.040,2.500
37.200,1,1.0000,0.9174,-1.271,488.000,2.28402,1.000,0.040,2.500
37.300,1,1.0000,0.9686,-6.696,377.000,-2.93194,1.000,0.040,2.500
37.400,1,1.0000,0.8520,-6.696,377.000,-1.22937,1.000,0.040,2.500
37.500,1,1.0000,0.8571,-7.331,364.000,1.93666,1.000,0.040,2.500
37.600,1,1.0000,0.9716,-6.843,374.000,-2.16655,1.000,0.040,2.500
37.700,1,1.0000,0.9226,-1.906,475.000,3.25235,1.000,0.040,2.500
37.800,1,1.0000,0.8878,-6.794,375.000,-0.03646,1.000,0.040,2.500
37.900,1,1.0000,0.9226,-2.102,471.000,0.90069,1.000,0.040,2.500
38.000,1,1.0000,0.9481,-2.737,458.000,-0.30085,1.000,0.040,2.500
38.100,1,1.0000,0.9144,-6.305,385.000,1.46219,1.000,0.040,2.500
38.200,1,1.0000,0.9410,-3.226,448.000,0.11596,1.000,0.040,2.500
38.300,1,1.0000,0.9512,-0.489,504.000,-0.14976,1.000,0.040,2.500
38.400,1,1.0000,0.9491,-1.271,488.000,0.26160,1.000,0.040,2.500
38.500,1,1.0000,0.9676,-0.440,505.000,-0.37033,1.000,0.040,2.500
38.600,1,1.0000,0.9706,-6.256,386.000,-0.47553,1.000,0.040,2.500
38.700,1,1.0000,0.9686,-0.684,500.000,0.24259,1.000,0.040,2.500
38.800,1,1.0000,0.9829,-0.538,503.000,-0.53872,1.000,0.040,2.500
38.900,1,1.0000,0.9624,-1.564,482.000,-0.16013,1.000,0.040,2.500
39.000,1,1.0000,0.9849,-4.643,419.000,0.12427,1.000,0.040,2.500
39.101,1,1.0000,0.9931,-0.538,503.000,0.10333,1.000,0.040,2.500
39.200,1,1.0000,0.9512,-3.226,448.000,1.38554,1.000,0.040,2.500
39.300,1,1.0000,0.9164,-6.843,374.000,-0.62488,1.000,0.040,2.500
39.400,1,1.0000,0.9778,-4.203,428.000,0.64344,1.000,0.040,2.500
39.500,1,1.0000,0.9451,-2.199,469.000,1.64798,1.000,0.040,2.500
39.600,1,1.0000,0.9011,-4.399,424.000,0.46500,1.000,0.040,2.500
39.700,1,1.0000,0.9512,-3.715,438.000,-1.17018,1.000,0.040,2.500
39.800,1,1.0000,0.9174,-2.688,459.000,0.65376,1.000,0.040,2.500
39.900,1,1.0000,0.8581,-8.798,334.000,2.55457,1.000,0.040,2.500
40.000,1,1.0000,0.8868,-2.688,459.000,-1.15558,1.000,0.040,2.500
40.100,1,1.0000,0.8775,-3.030,452.000,1.71309,1.000,0.040,2.500
40.200,1,1.0000,0.8346,-11.241,284.000,1.45459,1.000,0.040,2.500
40.300,1,1.0000,0.8356,-0.635,501.000,0.84054,1.000,0.040,2.500
40.400,1,1.0000,0.8131,-7.527,360.000,0.25012,1.000,0.040,2.500
40.500,1,1.0000,0.7978,-2.053,472.000,1.13560,1.000,0.040,2.500
40.600,1,1.0000,0.8060,-2.542,462.000,0.00315,1.000,0.040,2.500
40.700,1,1.0000,0.7661,-5.376,404.000,2.14061,1.000,0.040,2.500
40.800,1,1.0000,0.7589,-3.079,451.000,0.76796,1.000,0.040,2.500
40.900,1,1.0000,0.7395,-10.850,292.000,0.78843,1.000,0.040,2.500
41.000,1,1.0000,0.7067,-5.474,402.000,3.43031,1.000,0.040,2.500
41.100,1,1.0000,0.7466,-1.222,489.000,-0.91395,1.000,0.040,2.500
41.200,1,1.0000,0.7292,-5.914,393.000,0.39274,1.000,0.040,2.500
41.300,1,1.0000,0.7487,-0.978,494.000,0.32318,1.000,0.040,2.500
41.400,1,1.0000,0.7538,-9.971,310.000,-0.34573,1.000,0.040,2.500
41.500,1,1.0000,0.7159,-1.760,478.000,-0.61354,1.000,0.040,2.500
41.600,1,1.0000,0.7323,-2.639,460.000,0.75191,1.000,0.040,2.500
41.700,1,1.0000,0.7385,-1.613,481.000,-2.27028,1.000,0.040,2.500
41.800,1,1.0000,0.7149,-9.726,315.000,1.28295,1.000,0.040,2.500
41.900,1,1.0000,0.6945,-4.106,430.000,2.68530,1.000,0.040,2.500
42.000,1,1.0000,0.7159,-8.895,332.000,0.97735,1.000,0.040,2.500
42.100,1,1.0000,0.7405,-2.248,468.000,1.35561,1.000,0.040,2.500
42.200,1,1.0000,0.7303,-9.971,310.000,0.19803,1.000,0.040,2.500
42.300,1,1.0000,0.7385,-0.587,502.000,0.24204,1.000,0.040,2.500
42.400,1,1.0000,0.7139,-10.899,291.000,1.39276,1.000,0.040,2.500
42.500,1,1.0000,0.7231,-10.997,289.000,-0.40518,1.000,0.040,2.500
42.600,1,1.0000,0.7344,-1.320,487.000,-1.48921,1.000,0.040,2.500
42.700,1,1.0000,0.7497,-0.929,495.000,-0.12277,1.000,0.040,2.500
42.800,1,1.0000,0.7487,-0.440,505.000,0.79975,1.000,0.040,2.500
42.900,1,1.0000,0.7425,-4.154,429.000,0.24439,1.000,0.040,2.500
43.000,1,1.0000,0.7712,-0.831,497.000,-0.09015,1.000,0.040,2.500
43.102,1,1.0000,0.7569,-0.684,500.000,0.94793,1.000,0.040,2.500
43.200,1,1.0000,0.7712,-4.985,412.000,-1.00873,1.000,0.040,2.500
43.300,1,1.0000,0.8581,-8.456,341.000,-2.27120,1.000,0.040,2.500
43.400,1,1.0000,0.7344,-5.816,395.000,4.29701,1.000,0.040,2.500
43.500,1,1.0000,0.7231,-8.309,344.000,3.28647,1.000,0.040,2.500
43.600,1,1.0000,0.8111,-2.786,457.000,-3.09072,1.000,0.040,2.500
43.700,1,1.0000,0.8233,-1.417,485.000,0.57973,1.000,0.040,2.500
43.800,1,1.0000,0.8193,-1.564,482.000,1.40273,1.000,0.040,2.500
43.900,1,1.0000,0.7753,-5.230,407.000,-1.72293,1.000,0.040,2.500
44.000,1,1.0000,0.8285,-4.594,420.000,-0.70146,1.000,0.040,2.500
44.100,1,1.0000,0.8469,-5.181,408.000,-1.65430,1.000,0.040,2.500
44.200,1,1.0000,0.7569,-4.790,416.000,2.28666,1.000,0.040,2.500
44.300,1,1.0000,0.7855,-5.425,403.000,-1.21852,1.000,0.040,2.500
44.400,1,1.0000,0.7875,-2.297,467.000,-0.40146,1.000,0.040,2.500
44.500,1,1.0000,0.7538,-6.452,382.000,1.83221,1.000,0.040,2.500
44.600,1,1.0000,0.7640,-4.203,428.000,2.05977,1.000,0.040,2.500
44.700,1,1.0000,0.7640,-10.753,294.000,-0.37515,1.000,0.040,2.500
44.800,1,1.0000,0.7333,-1.320,487.000,-0.49678,1.000,0.040,2.500
44.900,1,1.0000,0.7477,-0.196,510.000,0.25701,1.000,0.040,2.500
45.000,1,1.0000,0.7231,-5.474,402.000,0.58949,1.000,0.040,2.500
45.100,1,1.0000,0.7507,-2.493,463.000,0.46060,1.000,0.040,2.500
45.200,1,1.0000,0.7395,-0.538,503.000,1.39336,1.000,0.040,2.500
45.300,1,1.0000,0.7323,-10.997,289.000,0.07198,1.000,0.040,2.500
45.400,1,1.0000,0.7211,-5.181,408.000,3.10146,1.000,0.040,2.500
45.500,1,1.0000,0.7650,-2.297,467.000,0.60373,1.000,0.040,2.500
45.600,1,1.0000,0.7783,-2.297,467.000,-0.17574,1.000,0.040,2.500
45.700,1,1.0000,0.7875,-0.635,501.000,0.37844,1.000,0.040,2.500
45.800,1,1.0000,0.7906,-2.835,456.000,0.32507,1.000,0.040,2.500
45.900,1,1.0000,0.7916,-1.320,487.000,-0.03308,1.000,0.040,2.500
46.000,1,1.0000,0.8049,-0.635,501.000,0.05670,1.000,0.040,2.500
46.100,1,1.0000,0.8039,-4.448,423.000,0.47736,1.000,0.040,2.500
46.200,1,1.0000,0.8049,-0.684,500.000,0.72306,1.000,0.040,2.500
46.300,1,1.0000,0.8356,-2.199,469.000,-1.09678,1.000,0.040,2.500
46.400,1,1.0000,0.8049,-2.053,472.000,-0.50275,1.000,0.040,2.500
46.500,1,1.0000,0.8325,-0.489,504.000,-0.52965,1.000,0.040,2.500
46.600,1,1.0000,0.8060,-6.061,390.000,1.38983,1.000,0.040,2.500
46.700,1,1.0000,0.8233,-2.493,463.000,1.06629,1.000,0.040,2.500
46.800,1,1.0000,0.8295,-2.884,455.000,0.08920,1.000,0.040,2.500
46.900,1,1.0000,0.8100,-2.004,473.000,1.43897,1.000,0.040,2.500
47.000,1,1.0000,0.7763,-2.786,457.000,2.85428,1.000,0.040,2.500
47.100,1,1.0000,0.8152,-3.030,452.000,0.76938,1.000,0.040,2.500
47.200,1,1.0000,0.8448,-2.346,466.000,-0.89487,1.000,0.040,2.500
47.300,1,1.0000,0.8172,-6.891,373.000,0.25854,1.000,0.040,2.500
47.400,1,1.0000,0.8346,-1.515,483.000,0.39523,1.000,0.040,2.500
47.500,1,1.0000,0.8244,-3.030,452.000,0.20161,1.000,0.040,2.500
47.600,1,1.0000,0.8152,-0.782,498.000,1.02976,1.000,0.040,2.500
47.700,1,1.0000,0.8131,-0.587,502.000,0.77684,1.000,0.040,2.500
47.800,1,1.0000,0.7783,-3.568,441.000,3.16480,1.000,0.040,2.500
47.900,1,1.0000,0.8008,-5.181,408.000,0.79068,1.000,0.040,2.500
48.000,1,1.0000,0.8019,-2.248,468.000,-0.94823,1.000,0.040,2.500
48.100,1,1.0000,0.8377,-6.158,388.000,-2.40299,1.000,0.040,2.500
48.200,1,1.0000,0.7436,-6.354,384.000,2.38469,1.000,0.040,2.500
48.300,1,1.0000,0.7159,-9.286,324.000,0.41901,1.000,0.040,2.500
48.400,1,1.0000,0.7773,-7.331,364.000,-0.05056,1.000,0.040,2.500
48.500,1,1.0000,0.7333,-2.835,456.000,1.98886,1.000,0.040,2.500
48.600,1,1.0000,0.7620,-10.068,308.000,-2.54835,1.000,0.040,2.500
48.700,1,1.0000,0.7180,-5.621,399.000,1.29042,1.000,0.040,2.500
48.800,1,1.0000,0.6894,-1.808,477.000,2.70098,1.000,0.040,2.500
48.900,1,1.0000,0.7139,-2.493,463.000,-0.54415,1.000,0.040,2.500
49.000,1,1.0000,0.7241,-0.684,500.000,0.52065,1.000,0.040,2.500
49.100,1,1.0000,0.7323,-1.906,475.000,0.08739,1.000,0.040,2.500
49.200,1,1.0000,0.7190,-2.981,453.000,0.88593,1.000,0.040,2.500
49.300,1,1.0000,0.7650,-2.639,460.000,-1.56262,1.000,0.040,2.500
49.400,1,1.0000,0.7579,-2.297,467.000,0.08198,1.000,0.040,2.500
49.500,1,1.0000,0.7742,-0.440,505.000,-0.08688,1.000,0.040,2.500
49.600,1,1.0000,0.7742,-1.173,490.000,0.62997,1.000,0.040,2.500
49.700,1,1.0000,0.7865,-1.124,491.000,-1.52921,1.000,0.040,2.500
49.800,1,1.0000,0.7988,-0.684,500.000,0.19806,1.000,0.040,2.500
49.900,1,1.0000,0.8223,-2.884,455.000,-0.94976,1.000,0.040,2.500
50.000,1,1.0000,0.7507,-5.279,406.000,1.98657,1.000,0.040,2.500
50.100,1,1.0000,0.7303,-8.211,346.000,-0.60471,1.000,0.040,2.500
50.200,1,1.0000,0.8141,-7.331,364.000,-0.01825,1.000,0.040,2.500
50.300,1,1.0000,0.7548,-6.500,381.000,2.03642,1.000,0.040,2.500
50.400,1,1.0000,0.7548,-3.128,450.000,0.19641,1.000,0.040,2.500
50.500,1,1.0000,0.7282,-5.572,400.000,1.80935,1.000,0.040,2.500
50.600,1,1.0000,0.6894,-6.794,375.000,4.66195,1.000,0.040,2.500
50.700,1,1.0000,0.7344,-5.670,398.000,0.22005,1.000,0.040,2.500
50.800,1,1.0000,0.7456,-1.906,475.000,0.00528,1.000,0.040,2.500
50.900,1,1.0000,0.7385,-5.181,408.000,0.72943,1.000,0.040,2.500
51.000,1,1.0000,0.6904,-3.519,442.000,4.49470,1.000,0.040,2.500
51.100,1,1.0000,0.7517,-4.106,430.000,0.39472,1.000,0.040,2.500
51.200,1,1.0000,0.7691,-0.929,495.000,-0.47442,1.000,0.040,2.500
51.300,1,1.0000,0.7354,-6.305,385.000,1.81047,1.000,0.040,2.500
51.400,1,1.0000,0.7538,-6.647,378.000,1.58844,1.000,0.040,2.500
51.500,1,1.0000,0.7702,-5.181,408.000,-1.64869,1.000,0.040,2.500
51.600,1,1.0000,0.7456,-3.959,433.000,1.90543,1.000,0.040,2.500
51.700,1,1.0000,0.7732,-0.978,494.000,-0.01341,1.000,0.040,2.500
51.800,1,1.0000,0.7763,-0.684,500.000,0.59808,1.000,0.040,2.500
51.900,1,1.0000,0.7804,-5.474,402.000,-0.12105,1.000,0.040,2.500
52.000,1,1.0000,0.7824,-1.026,493.000,0.54258,1.000,0.040,2.500
52.100,1,1.0000,0.7835,-0.929,495.000,1.08590,1.000,0.040,2.500
52.200,1,1.0000,0.8008,-3.861,435.000,-3.46290,1.000,0.040,2.500
52.300,1,1.0000,0.8847,-7.576,359.000,-0.47791,1.000,0.040,2.500
52.400,1,1.0000,0.7610,-6.549,380.000,1.33436,1.000,0.040,2.500
52.500,1,1.0000,0.8193,-3.861,435.000,-1.12670,1.000,0.040,2.500
52.600,1,1.0000,0.8458,-1.906,475.000,-0.35007,1.000,0.040,2.500
52.700,1,1.0000,0.8581,-2.151,470.000,-0.09040,1.000,0.040,2.500
52.800,1,1.0000,0.8724,-1.173,490.000,0.40718,1.000,0.040,2.500
52.900,1,1.0000,0.9123,-1.075,492.000,-1.62671,1.000,0.040,2.500
53.000,1,1.0000,0.9113,-5.327,405.000,-0.70478,1.000,0.040,2.500
53.100,1,1.0000,0.8694,-2.395,465.000,-0.46005,1.000,0.040,2.500
53.200,1,1.0000,0.8244,-7.820,354.000,4.49718,1.000,0.040,2.500
53.300,1,1.0000,0.9041,-2.053,472.000,-3.30409,1.000,0.040,2.500
53.400,1,1.0000,0.9226,-2.102,471.000,-0.56064,1.000,0.040,2.500
53.500,1,1.0000,0.9287,-6.109,389.000,-2.25398,1.000,0.040,2.500
53.600,1,1.0000,0.8530,-5.523,401.000,2.06679,1.000,0.040,2.500
53.700,1,1.0000,0.8837,-2.737,458.000,-1.13401,1.000,0.040,2.500
53.800,1,1.0000,0.8663,-2.639,460.000,2.61699,1.000,0.040,2.500
53.900,1,1.0000,0.8929,-8.651,337.000,-2.26729,1.000,0.040,2.500
54.000,1,1.0000,0.8561,-5.132,409.000,1.55436,1.000,0.040,2.500
54.100,1,1.0000,0.8244,-8.260,345.000,4.20781,1.000,0.040,2.500
54.200,1,1.0000,0.8428,-0.587,502.000,0.03468,1.000,0.040,2.500
54.300,1,1.0000,0.8428,-0.489,504.000,0.70011,1.000,0.040,2.500
54.400,1,1.0000,0.8274,-1.369,486.000,0.46045,1.000,0.040,2.500
54.500,1,1.0000,0.8346,-2.053,472.000,0.24940,1.000,0.040,2.500
54.600,1,1.0000,0.7937,-5.327,405.000,2.43891,1.000,0.040,2.500
54.700,1,1.0000,0.7875,-2.737,458.000,1.67876,1.000,0.040,2.500
54.800,1,1.0000,0.8162,-0.880,496.000,-0.19013,1.000,0.040,2.500
54.900,1,1.0000,0.7722,-16.813,170.000,2.15596,1.000,0.040,2.500
55.000,1,1.0000,0.8070,-2.346,466.000,-0.17928,1.000,0.040,2.500
55.100,1,1.0000,0.7957,-2.688,459.000,0.61382,1.000,0.040,2.500
55.200,1,1.0000,0.8019,-2.151,470.000,-0.47936,1.000,0.040,2.500
55.300,1,1.0000,0.7804,-7.722,356.000,0.87261,1.000,0.040,2.500
55.400,1,1.0000,0.7824,-2.004,473.000,0.82028,1.000,0.040,2.500
55.500,1,1.0000,0.7589,-10.899,291.000,0.79362,1.000,0.040,2.500
55.600,1,1.0000,0.7139,-10.899,291.000,2.01591,1.000,0.040,2.500
55.700,1,1.0000,0.7282,-2.004,473.000,0.31510,1.000,0.040,2.500
55.800,1,1.0000,0.7569,-1.711,479.000,0.08289,1.000,0.040,2.500
55.900,1,1.0000,0.7661,-2.346,466.000,0.27919,1.000,0.040,2.500
56.000,1,1.0000,0.7763,-1.173,490.000,-1.98017,1.000,0.040,2.500
56.100,1,1.0000,0.7385,-8.016,350.000,1.55242,1.000,0.040,2.500
56.200,1,1.0000,0.6934,-6.745,376.000,5.21308,1.000,0.040,2.500
56.300,1,1.0000,0.7620,-5.474,402.000,-0.63318,1.000,0.040,2.500
56.400,1,1.0000,0.7661,-1.075,492.000,0.64214,1.000,0.040,2.500
56.500,1,1.0000,0.7579,-2.688,459.000,0.85583,1.000,0.040,2.500
56.600,1,1.0000,0.7589,-10.606,297.000,-0.02505,1.000,0.040,2.500
56.700,1,1.0000,0.7487,-2.493,463.000,0.50906,1.000,0.040,2.500
56.800,1,1.0000,0.7661,-1.906,475.000,0.03237,1.000,0.040,2.500
56.900,1,1.0000,0.7313,-3.617,440.000,2.26714,1.000,0.040,2.500
57.000,1,1.0000,0.7466,-6.012,391.000,-0.30411,1.000,0.040,2.500
57.100,1,1.0000,0.7385,-0.929,495.000,-0.03429,1.000,0.040,2.500
57.200,1,1.0000,0.7200,-4.594,420.000,1.71906,1.000,0.040,2.500
57.300,1,1.0000,0.7640,-2.884,455.000,-1.69908,1.000,0.040,2.500
57.400,1,1.0000,0.7773,-8.993,330.000,-1.20002,1.000,0.040,2.500
57.500,1,1.0000,0.7425,-2.590,461.000,0.67679,1.000,0.040,2.500
57.600,1,1.0000,0.7763,-0.929,495.000,-0.53223,1.000,0.040,2.500
57.700,1,1.0000,0.7446,-5.670,398.000,-0.34605,1.000,0.040,2.500
57.800,1,1.0000,0.7722,-3.861,435.000,0.49662,1.000,0.040,2.500
57.900,1,1.0000,0.7548,-1.466,484.000,2.40707,1.000,0.040,2.500
58.000,1,1.0000,0.7794,-0.489,504.000,0.03102,1.000,0.040,2.500
58.100,1,1.0000,0.7610,-2.053,472.000,1.69155,1.000,0.040,2.500
58.200,1,1.0000,0.7875,-0.733,499.000,0.12689,1.000,0.040,2.500
58.300,1,1.0000,0.7753,-2.004,473.000,1.26510,1.000,0.040,2.500
58.400,1,1.0000,0.7538,-1.955,474.000,2.36142,1.000,0.040,2.500
58.500,1,1.0000,0.7855,-1.075,492.000,-0.12409,1.000,0.040,2.500
58.600,1,1.0000,0.7415,-6.403,383.000,2.63122,1.000,0.040,2.500
58.700,1,1.0000,0.7671,-0.831,497.000,1.12352,1.000,0.040,2.500
58.800,1,1.0000,0.7221,-4.741,417.000,2.80601,1.000,0.040,2.500
58.900,1,1.0000,0.7027,-5.718,397.000,1.03674,1.000,0.040,2.500
59.000,1,1.0000,0.6986,-7.674,357.000,0.53065,1.000,0.040,2.500
59.100,1,1.0000,0.7211,-1.271,488.000,0.37910,1.000,0.040,2.500
59.200,1,1.0000,0.6822,-8.065,349.000,0.70282,1.000,0.040,2.500
59.300,1,1.0000,0.6750,-2.004,473.000,1.17151,1.000,0.040,2.500
59.400,1,1.0000,0.7006,-1.222,489.000,0.07324,1.000,0.040,2.500
59.500,1,1.0000,0.6802,-5.621,399.000,-0.36524,1.000,0.040,2.500
59.600,1,1.0000,0.7978,-7.429,362.000,-3.09000,1.000,0.040,2.500
59.700,1,1.0000,0.6597,-3.715,438.000,7.48157,1.000,0.040,2.500
59.800,1,1.0000,0.7047,-7.722,356.000,1.76125,1.000,0.040,2.500
59.900,1,1.0000,0.8060,-2.590,461.000,-3.55527,1.000,0.040,2.500
60.000,1,1.0000,0.8315,-2.346,466.000,0.30642,1.000,0.040,2.500
60.100,1,1.0000,0.8448,-0.831,497.000,0.31992,1.000,0.040,2.500
60.200,1,1.0000,0.8438,-2.102,471.000,0.75564,1.000,0.040,2.500
60.300,1,1.0000,0.8673,-10.899,291.000,-1.00603,1.000,0.040,2.500
60.400,1,1.0000,0.8765,-3.226,448.000,-0.91240,1.000,0.040,2.500
60.500,1,1.0000,0.9133,-2.639,460.000,-0.43745,1.000,0.040,2.500
60.600,1,1.0000,0.9082,-3.910,434.000,0.38626,1.000,0.040,2.500
60.700,1,1.0000,0.9410,-3.372,445.000,0.09809,1.000,0.040,2.500
60.800,1,1.0000,0.9338,-1.906,475.000,1.79305,1.000,0.040,2.500
60.900,1,1.0000,0.9737,-2.444,464.000,0.32137,1.000,0.040,2.500
61.000,1,1.0000,1.0013,-1.173,490.000,-0.37103,1.000,0.040,2.500
61.100,1,1.0000,1.0248,-0.635,501.000,0.01691,1.000,0.040,2.500
61.200,1,1.0000,1.0330,-0.342,507.000,0.31299,1.000,0.040,2.500
61.300,1,1.0000,1.0023,-7.527,360.000,1.21300,1.000,0.040,2.500
61.400,1,1.0000,1.0351,-3.812,436.000,0.41303,1.000,0.040,2.500
61.500,1,1.0000,1.0320,-4.594,420.000,3.17738,1.000,0.040,2.500
61.600,1,1.0000,1.0207,-2.395,465.000,1.85886,1.000,0.040,2.500
61.700,1,1.0000,1.0821,-2.688,459.000,-1.93591,1.000,0.040,2.500
61.800,1,1.0000,1.1752,-7.674,357.000,-1.77391,1.000,0.040,2.500
61.900,1,1.0000,1.0545,-1.320,487.000,6.68200,1.000,0.040,2.500
62.000,1,1.0000,1.0729,-7.087,369.000,1.03795,1.000,0.040,2.500
62.101,1,1.0000,1.1230,-11.339,282.000,-0.03543,1.000,0.040,2.500
62.200,1,1.0000,1.1578,-1.857,476.000,0.03145,1.000,0.040,2.500
62.300,1,1.0000,1.1680,-0.342,507.000,-0.13286,1.000,0.040,2.500
62.400,1,1.0000,1.1803,-0.049,513.000,-0.24811,1.000,0.040,2.500
62.500,1,1.0000,1.1885,-0.293,508.000,-0.15475,1.000,0.040,2.500
62.600,1,1.0000,1.1782,-2.493,463.000,0.57069,1.000,0.040,2.500
62.700,1,1.0000,1.2038,-0.293,508.000,0.08405,1.000,0.040,2.500
62.800,1,1.0000,1.2120,-0.391,506.000,-0.07838,1.000,0.040,2.500
62.900,1,1.0000,1.2161,-1.760,478.000,0.37691,1.000,0.040,2.500
63.000,1,1.0000,1.2222,-1.124,491.000,0.36987,1.000,0.040,2.500
63.100,1,1.0000,1.2243,-2.542,462.000,1.59778,1.000,0.040,2.500
63.200,1,1.0000,1.2631,-1.466,484.000,-1.36058,1.000,0.040,2.500
63.300,1,1.0000,1.3634,-6.843,374.000,-2.79179,1.000,0.040,2.500
63.400,1,1.0000,1.2355,-5.083,410.000,1.88644,1.000,0.040,2.500
63.500,1,1.0000,1.2427,-7.429,362.000,1.98051,1.000,0.040,2.500
63.600,1,1.0000,1.3235,-4.497,422.000,-3.41992,1.000,0.040,2.500
63.700,1,1.0000,1.3726,-3.861,435.000,-0.19759,1.000,0.040,2.500
63.800,1,1.0000,1.3358,-3.568,441.000,1.37201,1.000,0.040,2.500
63.900,1,1.0000,1.3859,-1.417,485.000,-2.56613,1.000,0.040,2.500
64.000,1,1.0000,1.3910,-0.831,497.000,-0.11813,1.000,0.040,2.500
64.100,1,1.0000,1.3879,-1.564,482.000,0.60418,1.000,0.040,2.500
64.200,1,1.0000,1.4094,-1.075,492.000,-1.67386,1.000,0.040,2.500
64.300,1,1.0000,1.4309,-0.929,495.000,-0.92995,1.000,0.040,2.500
64.400,1,1.0000,1.4186,-2.737,458.000,-1.27727,1.000,0.040,2.500
64.500,1,1.0000,1.4534,-10.850,292.000,-2.84793,1.000,0.040,2.500
64.600,1,1.0000,1.4421,-0.782,498.000,0.43444,1.000,0.040,2.500
64.700,1,1.0000,1.4176,-10.068,308.000,-0.15635,1.000,0.040,2.500
64.800,1,1.0000,1.4401,-16.325,180.000,0.84213,1.000,0.040,2.500
64.900,1,1.0000,1.4554,-2.835,456.000,-1.42510,1.000,0.040,2.500
65.000,1,1.0000,1.4616,-3.030,452.000,-0.00120,1.000,0.040,2.500
65.100,1,1.0000,1.4585,-0.880,496.000,0.32231,1.000,0.040,2.500
65.200,1,1.0000,1.4718,-0.684,500.000,-0.73109,1.000,0.040,2.500
65.300,1,1.0000,1.4841,-0.684,500.000,-0.54073,1.000,0.040,2.500
65.400,1,1.0000,1.4524,-4.936,413.000,0.35851,1.000,0.040,2.500
65.500,1,1.0000,1.4738,-5.474,402.000,-0.12512,1.000,0.040,2.500
65.600,1,1.0000,1.4851,-1.808,477.000,-0.13831,1.000,0.040,2.500
65.700,1,1.0000,1.4943,-0.587,502.000,-0.86541,1.000,0.040,2.500
65.800,1,1.0000,1.4912,-6.207,387.000,-2.29612,1.000,0.040,2.500
65.900,1,1.0000,1.4882,-5.425,403.000,-0.96536,1.000,0.040,2.500
66.000,1,1.0000,1.4922,-1.515,483.000,-0.81798,1.000,0.040,2.500
66.101,1,1.0000,1.4912,-3.861,435.000,-0.64180,1.000,0.040,2.500
66.200,1,1.0000,1.4657,-2.248,468.000,1.60828,1.000,0.040,2.500
66.300,1,1.0000,1.4227,-6.305,385.000,-1.87899,1.000,0.040,2.500
66.400,1,1.0000,1.4718,-4.643,419.000,-0.19124,1.000,0.040,2.500
66.500,1,1.0000,1.4247,-5.572,400.000,1.38822,1.000,0.040,2.500
66.600,1,1.0000,1.4483,-3.324,446.000,-1.19401,1.000,0.040,2.500
66.700,1,1.0000,1.5096,-7.136,368.000,-4.17219,1.000,0.040,2.500
66.800,1,1.0000,1.4002,-2.884,455.000,0.74270,1.000,0.040,2.500
66.900,1,1.0000,1.3020,-7.136,368.000,2.88513,1.000,0.040,2.500
67.000,1,1.0000,1.4002,-7.722,356.000,-3.24897,1.000,0.040,2.500
67.100,1,1.0000,1.3675,-2.542,462.000,0.38881,1.000,0.040,2.500
67.200,1,1.0000,1.2928,-2.639,460.000,2.07188,1.000,0.040,2.500
67.300,1,1.0000,1.3194,-0.929,495.000,-0.97316,1.000,0.040,2.500
67.400,1,1.0000,1.2826,-2.444,464.000,1.41487,1.000,0.040,2.500
67.500,1,1.0000,1.2703,-1.369,486.000,1.06804,1.000,0.040,2.500
67.600,1,1.0000,1.2754,-8.162,347.000,-2.21099,1.000,0.040,2.500
67.700,1,1.0000,1.2284,-6.940,372.000,1.46597,1.000,0.040,2.500
67.800,1,1.0000,1.1967,-5.963,392.000,1.13888,1.000,0.040,2.500
67.900,1,1.0000,1.1721,-4.203,428.000,1.98088,1.000,0.040,2.500
68.000,1,1.0000,1.1915,-3.324,446.000,0.68218,1.000,0.040,2.500
68.100,1,1.0000,1.2079,-1.466,484.000,0.64593,1.000,0.040,2.500
68.200,1,1.0000,1.1537,-6.989,371.000,1.28104,1.000,0.040,2.500
68.300,1,1.0000,1.1363,-6.940,372.000,2.11603,1.000,0.040,2.500
68.400,1,1.0000,1.1414,-1.222,489.000,0.42274,1.000,0.040,2.500
68.500,1,1.0000,1.1373,-1.026,493.000,-0.13624,1.000,0.040,2.500
68.600,1,1.0000,1.1179,-0.440,505.000,0.49638,1.000,0.040,2.500
68.700,1,1.0000,1.0985,-6.256,386.000,0.51541,1.000,0.040,2.500
68.800,1,1.0000,1.0494,-2.688,459.000,1.89385,1.000,0.040,2.500
68.900,1,1.0000,1.0709,-5.181,408.000,0.13336,1.000,0.040,2.500
69.000,1,1.0000,1.0453,-4.203,428.000,1.02808,1.000,0.040,2.500
69.100,1,1.0000,1.0555,-1.906,475.000,0.25887,1.000,0.040,2.500
69.200,1,1.0000,1.0207,-9.677,316.000,0.23409,1.000,0.040,2.500
69.300,1,1.0000,1.0044,-0.293,508.000,1.52887,1.000,0.040,2.500
69.400,1,1.0000,1.0115,-6.696,377.000,-0.42160,1.000,0.040,2.500
69.500,1,1.0000,0.9706,-4.741,417.000,1.71608,1.000,0.040,2.500
69.600,1,1.0000,0.9890,-0.978,494.000,-0.09215,1.000,0.040,2.500
69.700,1,1.0000,0.9256,-4.692,418.000,1.96593,1.000,0.040,2.500
69.800,1,1.0000,0.9379,-1.369,486.000,-0.96098,1.000,0.040,2.500
69.900,1,1.0000,0.8775,-6.158,388.000,2.32155,1.000,0.040,2.500
70.000,1,1.0000,0.9031,-1.662,480.000,-0.72081,1.000,0.040,2.500
70.102,1,1.0000,0.8673,-0.929,495.000,-0.60834,1.000,0.040,2.500
70.200,1,1.0000,0.8315,-3.079,451.000,2.16462,1.000,0.040,2.500
70.300,1,1.0000,0.8244,-0.929,495.000,1.55877,1.000,0.040,2.500
70.400,1,1.0000,0.7978,-10.313,303.000,0.76793,1.000,0.040,2.500
70.500,1,1.0000,0.7681,-10.899,291.000,0.79851,1.000,0.040,2.500
70.600,1,1.0000,0.7241,-10.850,292.000,2.22428,1.000,0.040,2.500
70.700,1,1.0000,0.7415,-10.802,293.000,-0.70696,1.000,0.040,2.500
70.800,1,1.0000,0.7323,-1.662,480.000,-2.28189,1.000,0.040,2.500
70.900,1,1.0000,0.7272,-5.523,401.000,0.74152,1.000,0.040,2.500
71.000,1,1.0000,0.7323,-0.587,502.000,0.89088,1.000,0.040,2.500
71.100,1,1.0000,0.7037,-10.362,302.000,1.29326,1.000,0.040,2.500
71.200,1,1.0000,0.7650,-3.812,436.000,-0.31592,1.000,0.040,2.500
71.300,1,1.0000,0.7722,-5.083,410.000,-0.68009,1.000,0.040,2.500
71.400,1,1.0000,0.6781,-4.839,415.000,1.40969,1.000,0.040,2.500
71.500,1,1.0000,0.7415,-3.421,444.000,-1.51641,1.000,0.040,2.500
71.600,1,1.0000,0.7415,-0.929,495.000,1.31291,1.000,0.040,2.500
71.700,1,1.0000,0.7211,-10.850,292.000,-0.01077,1.000,0.040,2.500
71.800,1,1.0000,0.7364,-1.662,480.000,1.09998,1.000,0.040,2.500
71.900,1,1.0000,0.7344,-5.181,408.000,0.18260,1.000,0.040,2.500
72.000,1,1.0000,0.7364,-2.444,464.000,0.53958,1.000,0.040,2.500
72.100,1,1.0000,0.6996,-5.376,404.000,2.48038,1.000,0.040,2.500
72.200,1,1.0000,0.6802,-5.718,397.000,3.10396,1.000,0.040,2.500
72.300,1,1.0000,0.7364,-5.718,397.000,0.38953,1.000,0.040,2.500
72.400,1,1.0000,0.7589,-1.320,487.000,-0.65474,1.000,0.040,2.500
72.500,1,1.0000,0.7558,-9.433,321.000,0.37209,1.000,0.040,2.500
72.600,1,1.0000,0.7589,-10.313,303.000,0.06317,1.000,0.040,2.500
72.700,1,1.0000,0.7385,-10.411,301.000,0.28924,1.000,0.040,2.500
72.800,1,1.0000,0.7477,-5.327,405.000,0.07651,1.000,0.040,2.500
72.900,1,1.0000,0.7395,-5.376,404.000,0.95508,1.000,0.040,2.500
73.000,1,1.0000,0.7579,-1.857,476.000,0.27284,1.000,0.040,2.500
73.100,1,1.0000,0.7702,-8.944,331.000,-1.79617,1.000,0.040,2.500
73.200,1,1.0000,0.7722,-0.538,503.000,0.97637,1.000,0.040,2.500
73.300,1,1.0000,0.7947,-6.647,378.000,-1.09082,1.000,0.040,2.500
73.400,1,1.0000,0.7466,-6.843,374.000,-1.60418,1.000,0.040,2.500
73.500,1,1.0000,0.7835,-5.181,408.000,-2.45824,1.000,0.040,2.500
73.600,1,1.0000,0.7814,-2.297,467.000,0.91985,1.000,0.040,2.500
73.700,1,1.0000,0.6822,-6.598,379.000,3.62831,1.000,0.040,2.500
73.800,1,1.0000,0.7548,-5.914,393.000,-1.55716,1.000,0.040,2.500
73.900,1,1.0000,0.7395,-3.470,443.000,-0.05771,1.000,0.040,2.500
74.000,1,1.0000,0.6904,-9.677,316.000,2.70291,1.000,0.040,2.500
74.100,1,1.0000,0.7221,-3.177,449.000,0.93238,1.000,0.040,2.500
74.200,1,1.0000,0.7057,-10.704,295.000,0.13290,1.000,0.040,2.500
74.300,1,1.0000,0.6842,-10.459,300.000,0.92272,1.000,0.040,2.500
74.400,1,1.0000,0.6699,-10.899,291.000,0.63152,1.000,0.040,2.500
74.500,1,1.0000,0.6986,-1.173,490.000,-0.06069,1.000,0.040,2.500
74.600,1,1.0000,0.7221,-1.026,493.000,0.27488,1.000,0.040,2.500
74.700,1,1.0000,0.7456,-0.782,498.000,-0.36126,1.000,0.040,2.500
74.800,1,1.0000,0.7313,-4.350,425.000,0.93260,1.000,0.040,2.500
74.900,1,1.0000,0.7057,-6.794,375.000,3.51619,1.000,0.040,2.500
75.000,1,1.0000,0.7517,-5.083,410.000,0.81191,1.000,0.040,2.500
75.100,1,1.0000,0.7794,-1.124,491.000,-0.30298,1.000,0.040,2.500
75.200,1,1.0000,0.7804,-3.715,438.000,0.12028,1.000,0.040,2.500
75.300,1,1.0000,0.7804,-1.173,490.000,1.04164,1.000,0.040,2.500
75.400,1,1.0000,0.7742,-8.749,335.000,-0.02523,1.000,0.040,2.500
75.500,1,1.0000,0.7927,-3.470,443.000,1.49133,1.000,0.040,2.500
75.600,1,1.0000,0.8162,-1.515,483.000,0.07945,1.000,0.040,2.500
75.700,1,1.0000,0.8029,-2.053,472.000,1.27806,1.000,0.040,2.500
75.800,1,1.0000,0.7927,-2.884,455.000,0.77771,1.000,0.040,2.500
75.900,1,1.0000,0.8223,-2.688,459.000,-0.83650,1.000,0.040,2.500
76.000,1,1.0000,0.7937,-1.662,480.000,-0.34675,1.000,0.040,2.500
76.100,1,1.0000,0.8090,-0.391,506.000,0.50804,1.000,0.040,2.500
76.200,1,1.0000,0.8182,-2.493,463.000,-1.13683,1.000,0.040,2.500
76.300,1,1.0000,0.8121,-5.132,409.000,0.76220,1.000,0.040,2.500
76.400,1,1.0000,0.7998,-10.948,290.000,0.57517,1.000,0.040,2.500
76.500,1,1.0000,0.8213,-1.173,490.000,-0.21711,1.000,0.040,2.500
76.600,1,1.0000,0.8193,-2.004,473.000,-0.41886,1.000,0.040,2.500
76.700,1,1.0000,0.8121,-4.399,424.000,1.07207,1.000,0.040,2.500
76.800,1,1.0000,0.8223,-0.293,508.000,0.65343,1.000,0.040,2.500
76.900,1,1.0000,0.8366,-4.790,416.000,-0.33185,1.000,0.040,2.500
77.000,1,1.0000,0.8141,-5.474,402.000,1.17441,1.000,0.040,2.500
77.100,1,1.0000,0.8336,-2.542,462.000,2.56067,1.000,0.040,2.500
77.200,1,1.0000,0.8008,-7.283,365.000,4.87094,1.000,0.040,2.500
77.300,1,1.0000,0.7589,-10.313,303.000,1.28292,1.000,0.040,2.500
77.400,1,1.0000,0.8428,-6.598,379.000,-2.02199,1.000,0.040,2.500
77.500,1,1.0000,0.8448,-1.808,477.000,0.94265,1.000,0.040,2.500
77.600,1,1.0000,0.7824,-9.384,322.000,3.00024,1.000,0.040,2.500
77.700,1,1.0000,0.7947,-5.181,408.000,1.45457,1.000,0.040,2.500
77.800,1,1.0000,0.7661,-5.425,403.000,3.78528,1.000,0.040,2.500
77.900,1,1.0000,0.6781,-8.260,345.000,4.64145,1.000,0.040,2.500
78.000,1,1.0000,0.7456,-2.297,467.000,-1.61279,1.000,0.040,2.500
78.100,1,1.0000,0.7599,-4.985,412.000,-0.82181,1.000,0.040,2.500
78.200,1,1.0000,0.7313,-2.395,465.000,3.21060,1.000,0.040,2.500
78.300,1,1.0000,0.6464,-3.910,434.000,0.84222,1.000,0.040,2.500
78.400,1,1.0000,0.6955,-5.621,399.000,-0.27954,1.000,0.040,2.500
78.500,1,1.0000,0.7262,-2.542,462.000,-1.02501,1.000,0.040,2.500
78.600,1,1.0000,0.7016,-1.124,491.000,2.68267,1.000,0.040,2.500
78.700,1,1.0000,0.7098,-3.226,448.000,-1.72223,1.000,0.040,2.500
78.800,1,1.0000,0.7374,-0.929,495.000,0.29678,1.000,0.040,2.500
78.900,1,1.0000,0.7548,-2.004,473.000,-0.07757,1.000,0.040,2.500
79.000,1,1.0000,0.7681,-0.244,509.000,0.52373,1.000,0.040,2.500
79.100,1,1.0000,0.8162,-5.376,404.000,-2.98071,1.000,0.040,2.500
79.200,1,1.0000,0.7906,-6.989,371.000,0.55408,1.000,0.040,2.500
79.300,1,1.0000,0.7507,-6.012,391.000,4.53253,1.000,0.040,2.500
79.400,1,1.0000,0.8070,-5.572,400.000,-0.79024,1.000,0.040,2.500
79.500,1,1.0000,0.8193,-10.655,296.000,1.49944,1.000,0.040,2.500
79.600,1,1.0000,0.8193,-2.835,456.000,-0.04548,1.000,0.040,2.500
79.700,1,1.0000,0.8428,-1.564,482.000,0.50564,1.000,0.040,2.500
79.800,1,1.0000,0.8888,-4.252,427.000,-2.09680,1.000,0.040,2.500
79.900,1,1.0000,0.8816,-7.918,352.000,-0.04358,1.000,0.040,2.500
80.000,1,1.0000,0.8632,-2.493,463.000,1.30497,1.000,0.040,2.500
80.100,1,1.0000,0.8643,-6.843,374.000,2.86474,1.000,0.040,2.500
80.200,1,1.0000,0.8673,-2.590,461.000,0.53477,1.000,0.040,2.500
80.300,1,1.0000,0.8990,-1.026,493.000,-0.77497,1.000,0.040,2.500
80.400,1,1.0000,0.9082,-1.320,487.000,-1.70422,1.000,0.040,2.500
80.500,1,1.0000,0.9266,-0.733,499.000,0.32323,1.000,0.040,2.500
80.600,1,1.0000,0.9471,-3.226,448.000,-0.77089,1.000,0.040,2.500
80.700,1,1.0000,0.8714,-5.572,400.000,-0.23441,1.000,0.040,2.500
80.800,1,1.0000,0.9133,-6.696,377.000,1.20702,1.000,0.040,2.500
80.900,1,1.0000,0.9430,-3.128,450.000,0.05253,1.000,0.040,2.500
81.000,1,1.0000,0.9635,-2.151,470.000,-0.68368,1.000,0.040,2.500
81.100,1,1.0000,0.9461,-1.955,474.000,1.47815,1.000,0.040,2.500
81.200,1,1.0000,0.8919,-7.283,365.000,2.14997,1.000,0.040,2.500
81.300,1,1.0000,0.9543,-1.222,489.000,-2.15669,1.000,0.040,2.500
81.400,1,1.0000,0.9420,-4.350,425.000,0.92415,1.000,0.040,2.500
81.500,1,1.0000,0.9297,-2.151,470.000,-0.39289,1.000,0.040,2.500
81.600,1,1.0000,0.9103,-5.327,405.000,1.31446,1.000,0.040,2.500
81.700,1,1.0000,0.8980,-6.940,372.000,2.75895,1.000,0.040,2.500
81.800,1,1.0000,0.9226,-1.075,492.000,0.07549,1.000,0.040,2.500
81.900,1,1.0000,0.9266,-0.684,500.000,0.42967,1.000,0.040,2.500
82.000,1,1.0000,0.9236,-2.737,458.000,0.22849,1.000,0.040,2.500
82.100,1,1.0000,0.8980,-5.230,407.000,1.79557,1.000,0.040,2.500
82.200,1,1.0000,0.8520,-4.497,422.000,3.82951,1.000,0.040,2.500
82.300,1,1.0000,0.9338,-6.647,378.000,-0.80339,1.000,0.040,2.500
82.400,1,1.0000,0.9082,-3.128,450.000,1.83059,1.000,0.040,2.500
82.500,1,1.0000,0.9215,-4.643,419.000,-0.53476,1.000,0.040,2.500
82.600,1,1.0000,0.9164,-1.320,487.000,-0.98950,1.000,0.040,2.500
82.700,1,1.0000,0.9144,-9.384,322.000,0.18910,1.000,0.040,2.500
82.800,1,1.0000,0.9236,-2.493,463.000,-0.07548,1.000,0.040,2.500
82.900,1,1.0000,0.8990,-3.910,434.000,1.38133,1.000,0.040,2.500
83.000,1,1.0000,0.9123,-1.955,474.000,0.29447,1.000,0.040,2.500
83.100,1,1.0000,0.8919,-9.824,313.000,0.94447,1.000,0.040,2.500
83.200,1,1.0000,0.9093,-3.275,447.000,1.83243,1.000,0.040,2.500
83.300,1,1.0000,0.9266,-1.662,480.000,0.07662,1.000,0.040,2.500
83.400,1,1.0000,0.9041,-6.696,377.000,0.15066,1.000,0.040,2.500
83.500,1,1.0000,0.9379,-0.587,502.000,-0.80330,1.000,0.040,2.500
83.600,1,1.0000,0.8745,-2.786,457.000,1.68811,1.000,0.040,2.500
83.700,1,1.0000,0.9389,-4.008,432.000,0.47485,1.000,0.040,2.500
83.800,1,1.0000,0.9502,-2.151,470.000,0.00356,1.000,0.040,2.500
83.900,1,1.0000,0.9451,-4.594,420.000,0.52029,1.000,0.040,2.500
84.000,1,1.0000,0.9389,-10.166,306.000,-0.64949,1.000,0.040,2.500
84.100,1,1.0000,0.9236,-3.177,449.000,-0.68970,1.000,0.040,2.500
84.200,1,1.0000,0.9635,-10.068,308.000,0.55379,1.000,0.040,2.500
84.300,1,1.0000,0.9594,-1.955,474.000,1.27396,1.000,0.040,2.500
84.400,1,1.0000,1.0126,-3.715,438.000,-0.97821,1.000,0.040,2.500
84.500,1,1.0000,0.9839,-4.839,415.000,1.24945,1.000,0.040,2.500
84.600,1,1.0000,1.0146,-3.470,443.000,0.65616,1.000,0.040,2.500
84.700,1,1.0000,1.0238,-5.327,405.000,-0.27362,1.000,0.040,2.500
84.800,1,1.0000,1.0136,-2.884,455.000,-0.16115,1.000,0.040,2.500
84.900,1,1.0000,1.0126,-4.888,414.000,1.27169,1.000,0.040,2.500
85.000,1,1.0000,1.0402,-3.030,452.000,1.80639,1.000,0.040,2.500
85.100,1,1.0000,1.0596,-1.124,491.000,-0.62609,1.000,0.040,2.500
85.200,1,1.0000,1.0473,-0.880,496.000,-0.75809,1.000,0.040,2.500
85.300,1,1.0000,1.0637,-2.395,465.000,0.45263,1.000,0.040,2.500
85.400,1,1.0000,1.0555,-1.271,488.000,-0.76671,1.000,0.040,2.500
85.500,1,1.0000,1.0811,-0.831,497.000,-0.53687,1.000,0.040,2.500
85.600,1,1.0000,1.0729,-9.140,327.000,-0.32440,1.000,0.040,2.500
85.700,1,1.0000,1.0719,-1.124,491.000,0.90365,1.000,0.040,2.500
85.800,1,1.0000,1.1036,-2.737,458.000,-1.32739,1.000,0.040,2.500
85.900,1,1.0000,1.0801,-1.808,477.000,-0.99730,1.000,0.040,2.500
86.000,1,1.0000,1.0893,-3.519,442.000,-0.49544,1.000,0.040,2.500
86.100,1,1.0000,1.0637,-4.106,430.000,1.42674,1.000,0.040,2.500
86.200,1,1.0000,1.0872,-2.835,456.000,-0.13605,1.000,0.040,2.500
86.300,1,1.0000,1.1015,-6.354,384.000,-1.32692,1.000,0.040,2.500
86.400,1,1.0000,1.0749,-5.181,408.000,-0.17554,1.000,0.040,2.500
86.500,1,1.0000,1.0903,-2.542,462.000,0.42242,1.000,0.040,2.500
86.600,1,1.0000,1.0555,-4.008,432.000,0.45697,1.000,0.040,2.500
86.700,1,1.0000,1.0954,-1.075,492.000,-1.06629,1.000,0.040,2.500
86.800,1,1.0000,1.1199,-3.617,440.000,0.28944,1.000,0.040,2.500
86.900,1,1.0000,1.0606,-4.888,414.000,2.03604,1.000,0.040,2.500
87.000,1,1.0000,1.0760,-3.372,445.000,0.53735,1.000,0.040,2.500
87.100,1,1.0000,1.0637,-4.594,420.000,2.43430,1.000,0.040,2.500
87.200,1,1.0000,0.9839,-8.358,343.000,2.31665,1.000,0.040,2.500
87.300,1,1.0000,1.0453,-1.955,474.000,-2.50074,1.000,0.040,2.500
87.400,1,1.0000,1.0484,-2.248,468.000,0.00184,1.000,0.040,2.500
87.500,1,1.0000,0.9757,-3.470,443.000,1.91550,1.000,0.040,2.500
87.600,1,1.0000,0.9941,-1.906,475.000,0.00498,1.000,0.040,2.500
87.700,1,1.0000,0.9757,-5.376,404.000,1.04624,1.000,0.040,2.500
87.800,1,1.0000,0.9195,-3.666,439.000,-0.38019,1.000,0.040,2.500
87.900,1,1.0000,0.9236,-0.244,509.000,0.68994,1.000,0.040,2.500
88.000,1,1.0000,0.9041,-8.944,331.000,0.45406,1.000,0.040,2.500
88.100,1,1.0000,0.8643,-1.711,479.000,2.45673,1.000,0.040,2.500
88.200,1,1.0000,0.8428,-10.068,308.000,1.02789,1.000,0.040,2.500
88.300,1,1.0000,0.7824,-6.158,388.000,3.44140,1.000,0.040,2.500
88.400,1,1.0000,0.7712,-6.647,378.000,2.94208,1.000,0.040,2.500
88.500,1,1.0000,0.7988,-0.538,503.000,-0.05079,1.000,0.040,2.500
88.600,1,1.0000,0.7661,-12.121,266.000,1.82384,1.000,0.040,2.500
88.700,1,1.0000,0.7681,-2.542,462.000,-1.80807,1.000,0.040,2.500
88.800,1,1.0000,0.7835,-8.895,332.000,-0.54402,1.000,0.040,2.500
88.900,1,1.0000,0.7200,-2.248,468.000,-0.93967,1.000,0.040,2.500
89.000,1,1.0000,0.7374,-1.124,491.000,0.52703,1.000,0.040,2.500
89.102,1,1.0000,0.7119,-1.808,477.000,-0.21701,1.000,0.040,2.500
89.200,1,1.0000,0.7139,-0.978,494.000,0.55289,1.000,0.040,2.500
89.300,1,1.0000,0.7129,-8.553,339.000,0.45279,1.000,0.040,2.500
89.400,1,1.0000,0.7037,-3.763,437.000,1.17911,1.000,0.040,2.500
89.500,1,1.0000,0.7139,-1.711,479.000,0.86319,1.000,0.040,2.500
89.600,1,1.0000,0.7088,-5.474,402.000,-0.20442,1.000,0.040,2.500
89.700,1,1.0000,0.7211,-4.301,426.000,1.42084,1.000,0.040,2.500
89.800,1,1.0000,0.7303,-3.128,450.000,-1.55327,1.000,0.040,2.500
89.900,1,1.0000,0.7415,-2.542,462.000,0.27754,1.000,0.040,2.500
90.000,1,1.0000,0.7323,-5.230,407.000,1.05489,1.000,0.040,2.500
90.100,1,1.0000,0.7149,-6.452,382.000,1.63834,1.000,0.040,2.500
90.200,1,1.0000,0.7139,-3.128,450.000,1.84259,1.000,0.040,2.500
90.300,1,1.0000,0.7579,-1.124,491.000,-0.50165,1.000,0.040,2.500
90.400,1,1.0000,0.7538,-4.252,427.000,0.93532,1.000,0.040,2.500
90.500,1,1.0000,0.7783,-0.782,498.000,0.29800,1.000,0.040,2.500
90.600,1,1.0000,0.7783,-5.083,410.000,0.55458,1.000,0.040,2.500
90.700,1,1.0000,0.7702,-5.523,401.000,1.07506,1.000,0.040,2.500
90.800,1,1.0000,0.7630,-3.079,451.000,2.00362,1.000,0.040,2.500
90.900,1,1.0000,0.8152,-2.786,457.000,-0.91154,1.000,0.040,2.500
91.000,1,1.0000,0.7906,-5.767,396.000,1.15939,1.000,0.040,2.500
91.100,1,1.0000,0.8131,-2.639,460.000,0.87241,1.000,0.040,2.500
91.200,1,1.0000,0.8285,-6.061,390.000,-0.25776,1.000,0.040,2.500
91.300,1,1.0000,0.8100,-2.933,454.000,1.09101,1.000,0.040,2.500
91.400,1,1.0000,0.8653,-2.395,465.000,-1.16260,1.000,0.040,2.500
91.500,1,1.0000,0.8673,-8.113,348.000,0.01211,1.000,0.040,2.500
91.600,1,1.0000,0.8008,-4.399,424.000,3.50559,1.000,0.040,2.500
91.700,1,1.0000,0.8694,-3.226,448.000,-1.67624,1.000,0.040,2.500
91.800,1,1.0000,0.8827,-2.590,461.000,0.91901,1.000,0.040,2.500
91.900,1,1.0000,0.8939,-0.978,494.000,0.55021,1.000,0.040,2.500
92.000,1,1.0000,0.8990,-4.594,420.000,74.59214,1.000,0.040,2.500
92.100,1,1.0000,0.8837,-4.008,432.000,-0.34508,1.000,0.040,2.500
92.200,1,1.0000,0.8888,-0.929,495.000,0.60484,1.000,0.040,2.500
92.300,1,1.0000,0.8274,-8.895,332.000,0.56462,1.000,0.040,2.500
92.400,1,1.0000,0.8683,-4.643,419.000,0.01287,1.000,0.040,2.500
92.500,1,1.0000,0.8786,-1.075,492.000,0.87248,1.000,0.040,2.500
92.600,1,1.0000,0.8796,-0.880,496.000,1.12760,1.000,0.040,2.500
92.700,1,1.0000,0.8550,-16.667,173.000,0.94816,1.000,0.040,2.500
92.800,1,1.0000,0.8244,-2.688,459.000,3.22957,1.000,0.040,2.500
92.900,1,1.0000,0.8704,-10.508,299.000,-1.98090,1.000,0.040,2.500
93.000,1,1.0000,0.8366,-2.981,453.000,-0.97479,1.000,0.040,2.500
93.102,1,1.0000,0.8397,-7.722,356.000,-0.08224,1.000,0.040,2.500
93.200,1,1.0000,0.8254,-0.880,496.000,2.10612,1.000,0.040,2.500
93.300,1,1.0000,0.8366,-1.075,492.000,0.66362,1.000,0.040,2.500
93.400,1,1.0000,0.8193,-1.711,479.000,-0.64784,1.000,0.040,2.500
93.500,1,1.0000,0.8111,-2.199,469.000,1.30436,1.000,0.040,2.500
93.600,1,1.0000,0.7763,-6.109,389.000,2.20933,1.000,0.040,2.500
93.700,1,1.0000,0.8172,-1.906,475.000,-0.95028,1.000,0.040,2.500
93.800,1,1.0000,0.7773,-2.297,467.000,0.11330,1.000,0.040,2.500
93.900,1,1.0000,0.7896,-0.587,502.000,1.07350,1.000,0.040,2.500
94.000,1,1.0000,0.7916,-1.808,477.000,1.78819,1.000,0.040,2.500
94.100,1,1.0000,0.7722,-9.482,320.000,0.69179,1.000,0.040,2.500
94.200,1,1.0000,0.7497,-10.362,302.000,1.57630,1.000,0.040,2.500
94.300,1,1.0000,0.7650,-10.997,289.000,-1.19955,1.000,0.040,2.500
94.400,1,1.0000,0.7538,-3.324,446.000,-2.67022,1.000,0.040,2.500
94.500,1,1.0000,0.7865,-3.666,439.000,-1.06557,1.000,0.040,2.500
94.600,1,1.0000,0.7783,-2.884,455.000,0.98906,1.000,0.040,2.500
94.700,1,1.0000,0.6740,-12.023,268.000,7.89592,1.000,0.040,2.500
94.800,1,1.0000,0.7681,-4.057,431.000,0.13188,1.000,0.040,2.500
94.900,1,1.0000,0.7835,-1.075,492.000,0.27084,1.000,0.040,2.500
95.000,1,1.0000,0.7865,-8.407,342.000,-1.41889,1.000,0.040,2.500
95.100,1,1.0000,0.7477,-3.421,444.000,0.78831,1.000,0.040,2.500
95.200,1,1.0000,0.8029,-3.030,452.000,-1.99589,1.000,0.040,2.500
95.300,1,1.0000,0.7886,-5.279,406.000,0.52510,1.000,0.040,2.500
95.400,1,1.0000,0.7436,-10.020,309.000,2.46321,1.000,0.040,2.500
95.500,1,1.0000,0.7528,-2.004,473.000,0.97194,1.000,0.040,2.500
95.600,1,1.0000,0.7865,-6.109,389.000,0.42766,1.000,0.040,2.500
95.700,1,1.0000,0.7722,-1.369,486.000,1.67019,1.000,0.040,2.500
95.800,1,1.0000,0.8090,-1.711,479.000,-0.20684,1.000,0.040,2.500
95.900,1,1.0000,0.7845,-4.057,431.000,1.50613,1.000,0.040,2.500
96.000,1,1.0000,0.8131,-5.670,398.000,-1.53889,1.000,0.040,2.500
96.100,1,1.0000,0.8305,-3.568,441.000,-0.62531,1.000,0.040,2.500
96.200,1,1.0000,0.8121,-1.271,488.000,-1.17835,1.000,0.040,2.500
96.300,1,1.0000,0.7702,-4.888,414.000,1.93281,1.000,0.040,2.500
96.400,1,1.0000,0.7773,-8.358,343.000,-0.32354,1.000,0.040,2.500
96.500,1,1.0000,0.7937,-1.515,483.000,1.14393,1.000,0.040,2.500
96.600,1,1.0000,0.7978,-11.193,285.000,-0.08666,1.000,0.040,2.500
96.700,1,1.0000,0.7712,-1.173,490.000,2.08863,1.000,0.040,2.500
96.800,1,1.0000,0.7313,-6.207,387.000,2.64092,1.000,0.040,2.500
96.900,1,1.0000,0.7446,-1.026,493.000,0.99217,1.000,0.040,2.500
97.000,1,1.0000,0.7507,-10.020,309.000,-0.18914,1.000,0.040,2.500
97.102,1,1.0000,0.7129,-2.053,472.000,0.33572,1.000,0.040,2.500
97.200,1,1.0000,0.7364,-1.955,474.000,-0.22370,1.000,0.040,2.500
97.300,1,1.0000,0.7200,-0.587,502.000,1.27680,1.000,0.040,2.500
97.400,1,1.0000,0.7098,-6.891,373.000,0.72566,1.000,0.040,2.500
97.500,1,1.0000,0.7159,-2.933,454.000,-0.40436,1.000,0.040,2.500
97.600,1,1.0000,0.7149,-5.083,410.000,0.87627,1.000,0.040,2.500
97.700,1,1.0000,0.6904,-6.794,375.000,3.81687,1.000,0.040,2.500
97.800,1,1.0000,0.7292,-3.861,435.000,0.40391,1.000,0.040,2.500
97.900,1,1.0000,0.7579,-0.880,496.000,0.12057,1.000,0.040,2.500
98.000,1,1.0000,0.7374,-3.079,451.000,1.36939,1.000,0.040,2.500
98.100,1,1.0000,0.7671,-2.590,461.000,0.55410,1.000,0.040,2.500
98.200,1,1.0000,0.8060,-1.955,474.000,-1.10090,1.000,0.040,2.500
98.300,1,1.0000,0.7650,-2.151,470.000,3.23655,1.000,0.040,2.500
98.400,1,1.0000,0.7855,-1.906,475.000,-0.15821,1.000,0.040,2.500
98.500,1,1.0000,0.8295,-1.857,476.000,0.10535,1.000,0.040,2.500
98.600,1,1.0000,0.8111,-2.688,459.000,1.14728,1.000,0.040,2.500
98.700,1,1.0000,0.7967,-5.230,407.000,-0.06490,1.000,0.040,2.500
98.800,1,1.0000,0.8336,-2.004,473.000,0.76831,1.000,0.040,2.500
ERROR,Sensor values invalid during run
