time_s,mode,targetDepth_m,depth_m,error,current_A,currentRawAdc,u_PID,u_total,pwmLeft,pwmRight,Kp,Ki,Kd
0.100,1,1.0000,0.4879,0.5121,-0.098,512.000,0.00000,0.40000,1340,1340,0.000,0.000,0.000
0.200,1,1.0000,0.4920,0.5080,-0.342,507.000,0.00000,0.40000,1340,1340,0.000,0.000,0.000
0.300,1,1.0000,0.4950,0.5050,-0.293,508.000,0.00000,0.40000,1340,1340,0.000,0.000,0.000
0.400,1,1.0000,0.4889,0.5111,-1.906,475.000,0.00000,0.40000,1340,1340,0.000,0.000,0.000
0.500,1,1.0000,0.4797,0.5203,-2.004,473.000,0.00000,0.40000,1340,1340,0.000,0.000,0.000
0.600,1,1.0000,0.4746,0.5254,-1.955,474.000,0.00000,0.40000,1340,1340,0.000,0.000,0.000
0.700,1,1.0000,0.4848,0.5152,-1.955,474.000,0.00000,0.40000,1340,1340,0.000,0.000,0.000
0.800,1,1.0000,0.4674,0.5326,-1.955,474.000,0.00000,0.40000,1340,1340,0.000,0.000,0.000
0.900,1,1.0000,0.4797,0.5203,-1.955,474.000,0.00000,0.40000,1340,1340,0.000,0.000,0.000
1.000,1,1.0000,0.4735,0.5265,-2.102,471.000,0.00000,0.40000,1340,1340,0.000,0.000,0.000
1.119,1,1.0000,0.4817,0.5183,-1.955,474.000,0.00000,0.40000,1340,1340,0.000,0.000,0.000
1.207,1,1.0000,0.4684,0.5316,-2.004,473.000,0.00000,0.40000,1340,1340,0.000,0.000,0.000
1.300,1,1.0000,0.4664,0.5336,-1.955,474.000,0.00000,0.40000,1340,1340,0.000,0.000,0.000
1.400,1,1.0000,0.4756,0.5244,-1.955,474.000,0.00000,0.40000,1340,1340,0.000,0.000,0.000
1.500,1,1.0000,0.4807,0.5193,-1.955,474.000,0.00000,0.40000,1340,1340,0.000,0.000,0.000
1.600,1,1.0000,0.4787,0.5213,-2.004,473.000,0.00000,0.40000,1340,1340,0.000,0.000,0.000
1.700,1,1.0000,0.4756,0.5244,-1.955,474.000,0.00000,0.40000,1340,1340,0.000,0.000,0.000
1.800,1,1.0000,0.4868,0.5132,-1.906,475.000,0.00000,0.40000,1340,1340,0.000,0.000,0.000
1.900,1,1.0000,0.4899,0.5101,-1.955,474.000,0.00000,0.40000,1340,1340,0.000,0.000,0.000
2.000,1,1.0000,0.4971,0.5029,-2.004,473.000,0.00000,0.40000,1340,1340,0.000,0.000,0.000
2.100,1,1.0000,0.5206,0.4794,-2.004,473.000,0.00000,0.40000,1340,1340,0.000,0.000,0.000
2.200,1,1.0000,0.5124,0.4876,-2.004,473.000,0.00000,0.40000,1340,1340,0.000,0.000,0.000
2.300,1,1.0000,0.5196,0.4804,-1.955,474.000,0.00000,0.40000,1340,1340,0.000,0.000,0.000
2.400,1,1.0000,0.5308,0.4692,-1.955,474.000,0.00000,0.40000,1340,1340,0.000,0.000,0.000
2.500,1,1.0000,0.5482,0.4518,-1.955,474.000,0.00000,0.40000,1340,1340,0.000,0.000,0.000
2.600,1,1.0000,0.5513,0.4487,-1.906,475.000,0.00000,0.40000,1340,1340,0.000,0.000,0.000
2.700,1,1.0000,0.5789,0.4211,-1.955,474.000,0.00000,0.40000,1340,1340,0.000,0.000,0.000
2.800,1,1.0000,0.5758,0.4242,-1.906,475.000,0.00000,0.40000,1340,1340,0.000,0.000,0.000
2.900,1,1.0000,0.5820,0.4180,-1.955,474.000,0.00000,0.40000,1340,1340,0.000,0.000,0.000
3.000,1,1.0000,0.5953,0.4047,-1.955,474.000,0.00000,0.40000,1340,1340,0.000,0.000,0.000
3.100,1,1.0000,0.6198,0.3802,-1.906,475.000,0.00000,0.40000,1340,1340,0.000,0.000,0.000
3.200,1,1.0000,0.6219,0.3781,-1.906,475.000,0.00000,0.40000,1340,1340,0.000,0.000,0.000
3.300,1,1.0000,0.6484,0.3516,-2.102,471.000,0.00000,0.40000,1340,1340,0.000,0.000,0.000
3.400,1,1.0000,0.6454,0.3546,-1.857,476.000,0.00000,0.40000,1340,1340,0.000,0.000,0.000
3.500,1,1.0000,0.6351,0.3649,-1.808,477.000,0.00000,0.40000,1340,1340,0.000,0.000,0.000
3.600,1,1.0000,0.6546,0.3454,-1.906,475.000,0.00000,0.40000,1340,1340,0.000,0.000,0.000
3.700,1,1.0000,0.6505,0.3495,-1.906,475.000,0.00000,0.40000,1340,1340,0.000,0.000,0.000
3.800,1,1.0000,0.6536,0.3464,-1.955,474.000,0.00000,0.40000,1340,1340,0.000,0.000,0.000
3.900,1,1.0000,0.6638,0.3362,-1.906,475.000,0.00000,0.40000,1340,1340,0.000,0.000,0.000
4.000,1,1.0000,0.6505,0.3495,-2.102,471.000,0.00000,0.40000,1340,1340,0.000,0.000,0.000
4.100,1,1.0000,0.6617,0.3383,-2.102,471.000,0.00000,0.40000,1340,1340,0.000,0.000,0.000
4.200,1,1.0000,0.6546,0.3454,-1.906,475.000,0.00000,0.40000,1340,1340,0.000,0.000,0.000
4.300,1,1.0000,0.6638,0.3362,-2.053,472.000,0.00000,0.40000,1340,1340,0.000,0.000,0.000
4.400,1,1.0000,0.6536,0.3464,-2.053,472.000,0.00000,0.40000,1340,1340,0.000,0.000,0.000
4.500,1,1.0000,0.6720,0.3280,-2.004,473.000,0.00000,0.40000,1340,1340,0.000,0.000,0.000
4.600,1,1.0000,0.6577,0.3423,-1.906,475.000,0.00000,0.40000,1340,1340,0.000,0.000,0.000
4.700,1,1.0000,0.6679,0.3321,-1.906,475.000,0.00000,0.40000,1340,1340,0.000,0.000,0.000
4.800,1,1.0000,0.6607,0.3393,-1.955,474.000,0.00000,0.40000,1340,1340,0.000,0.000,0.000
4.900,1,1.0000,0.6628,0.3372,-1.955,474.000,0.00000,0.40000,1340,1340,0.000,0.000,0.000
5.000,1,1.0000,0.6566,0.3434,-1.906,475.000,0.00000,0.40000,1340,1340,0.000,0.000,0.000
5.100,1,1.0000,0.6525,0.3475,-1.955,474.000,0.00000,0.40000,1340,1340,0.000,0.000,0.000
5.200,1,1.0000,0.6730,0.3270,-1.906,475.000,0.00000,0.40000,1340,1340,0.000,0.000,0.000
5.300,1,1.0000,0.6628,0.3372,-1.955,474.000,0.00000,0.40000,1340,1340,0.000,0.000,0.000
5.400,1,1.0000,0.6720,0.3280,-1.955,474.000,0.00000,0.40000,1340,1340,0.000,0.000,0.000
5.500,1,1.0000,0.6658,0.3342,-2.053,472.000,0.00000,0.40000,1340,1340,0.000,0.000,0.000
5.600,1,1.0000,0.7047,0.2953,-2.004,473.000,0.00000,0.40000,1340,1340,0.000,0.000,0.000
5.700,1,1.0000,0.6802,0.3198,-2.004,473.000,0.00000,0.40000,1340,1340,0.000,0.000,0.000
5.800,1,1.0000,0.7067,0.2933,-1.955,474.000,0.00000,0.40000,1340,1340,0.000,0.000,0.000
5.900,1,1.0000,0.6975,0.3025,-2.004,473.000,0.00000,0.40000,1340,1340,0.000,0.000,0.000
6.000,1,1.0000,0.7292,0.2708,-2.053,472.000,0.00000,0.40000,1340,1340,0.000,0.000,0.000
6.100,1,1.0000,0.7057,0.2943,-1.955,474.000,0.00000,0.40000,1340,1340,0.000,0.000,0.000
6.200,1,1.0000,0.7241,0.2759,-2.151,470.000,0.00000,0.40000,1340,1340,0.000,0.000,0.000
6.300,1,1.0000,0.7221,0.2779,-2.053,472.000,0.00000,0.40000,1340,1340,0.000,0.000,0.000
6.400,1,1.0000,0.7436,0.2564,-2.004,473.000,0.00000,0.40000,1340,1340,0.000,0.000,0.000
6.500,1,1.0000,0.7487,0.2513,-2.004,473.000,0.00000,0.40000,1340,1340,0.000,0.000,0.000
6.600,1,1.0000,0.7466,0.2534,-2.004,473.000,0.00000,0.40000,1340,1340,0.000,0.000,0.000
6.700,1,1.0000,0.7558,0.2442,-2.004,473.000,0.00000,0.40000,1340,1340,0.000,0.000,0.000
6.800,1,1.0000,0.7610,0.2390,-2.053,472.000,0.00000,0.40000,1340,1340,0.000,0.000,0.000
6.900,1,1.0000,0.7681,0.2319,-2.004,473.000,0.00000,0.40000,1340,1340,0.000,0.000,0.000
7.000,1,1.0000,0.7773,0.2227,-2.004,473.000,0.00000,0.40000,1340,1340,0.000,0.000,0.000
7.100,1,1.0000,0.7763,0.2237,-2.004,473.000,0.00000,0.40000,1340,1340,0.000,0.000,0.000
7.200,1,1.0000,0.7814,0.2186,-2.004,473.000,0.00000,0.40000,1340,1340,0.000,0.000,0.000
7.300,1,1.0000,0.8008,0.1992,-2.004,473.000,0.00000,0.40000,1340,1340,0.000,0.000,0.000
7.400,1,1.0000,0.8008,0.1992,-2.053,472.000,0.00000,0.40000,1340,1340,0.000,0.000,0.000
7.500,1,1.0000,0.8111,0.1889,-2.004,473.000,0.00000,0.40000,1340,1340,0.000,0.000,0.000
7.600,1,1.0000,0.8049,0.1951,-2.004,473.000,0.00000,0.40000,1340,1340,0.000,0.000,0.000
7.700,1,1.0000,0.8100,0.1900,-1.955,474.000,0.00000,0.40000,1340,1340,0.000,0.000,0.000
7.800,1,1.0000,0.7855,0.2145,-2.053,472.000,0.00000,0.40000,1340,1340,0.000,0.000,0.000
7.900,1,1.0000,0.8111,0.1889,-1.955,474.000,0.00000,0.40000,1340,1340,0.000,0.000,0.000
8.000,1,1.0000,0.7998,0.2002,-1.955,474.000,0.00000,0.40000,1340,1340,0.000,0.000,0.000
8.100,1,1.0000,0.8019,0.1981,-1.955,474.000,0.00000,0.40000,1340,1340,0.000,0.000,0.000
8.200,1,1.0000,0.7875,0.2125,-1.955,474.000,0.00000,0.40000,1340,1340,0.000,0.000,0.000
8.300,1,1.0000,0.7783,0.2217,-1.955,474.000,0.00000,0.40000,1340,1340,0.000,0.000,0.000
8.400,1,1.0000,0.7753,0.2247,-1.906,475.000,0.00000,0.40000,1340,1340,0.000,0.000,0.000
8.500,1,1.0000,0.7589,0.2411,-1.955,474.000,0.00000,0.40000,1340,1340,0.000,0.000,0.000
8.600,1,1.0000,0.7753,0.2247,-2.004,473.000,0.00000,0.40000,1340,1340,0.000,0.000,0.000
8.700,1,1.0000,0.7835,0.2165,-2.053,472.000,0.00000,0.40000,1340,1340,0.000,0.000,0.000
8.800,1,1.0000,0.7824,0.2176,-1.955,474.000,0.00000,0.40000,1340,1340,0.000,0.000,0.000
8.900,1,1.0000,0.7804,0.2196,-1.955,474.000,0.00000,0.40000,1340,1340,0.000,0.000,0.000
9.000,1,1.0000,0.7947,0.2053,-2.004,473.000,0.00000,0.40000,1340,1340,0.000,0.000,0.000
9.100,1,1.0000,0.7886,0.2114,-2.004,473.000,0.00000,0.40000,1340,1340,0.000,0.000,0.000
9.200,1,1.0000,0.8090,0.1910,-2.004,473.000,0.00000,0.40000,1340,1340,0.000,0.000,0.000
9.300,1,1.0000,0.8060,0.1940,-2.004,473.000,0.00000,0.40000,1340,1340,0.000,0.000,0.000
9.400,1,1.0000,0.7967,0.2033,-2.004,473.000,0.00000,0.40000,1340,1340,0.000,0.000,0.000
9.500,1,1.0000,0.7927,0.2073,-2.004,473.000,0.00000,0.40000,1340,1340,0.000,0.000,0.000
9.600,1,1.0000,0.7906,0.2094,-2.004,473.000,0.00000,0.40000,1340,1340,0.000,0.000,0.000
9.700,1,1.0000,0.8060,0.1940,-2.004,473.000,0.00000,0.40000,1340,1340,0.000,0.000,0.000
9.800,1,1.0000,0.7824,0.2176,-1.955,474.000,0.00000,0.40000,1340,1340,0.000,0.000,0.000
9.900,1,1.0000,0.7671,0.2329,-2.004,473.000,0.00000,0.40000,1340,1340,0.000,0.000,0.000
10.000,1,1.0000,0.7763,0.2237,-2.004,473.000,0.00000,0.40000,1340,1340,0.000,0.000,0.000
10.100,1,1.0000,0.7927,0.2073,-1.955,474.000,0.00000,0.40000,1340,1340,0.000,0.000,0.000
10.200,1,1.0000,0.7569,0.2431,-1.955,474.000,0.00000,0.40000,1340,1340,0.000,0.000,0.000
10.300,1,1.0000,0.7569,0.2431,-1.955,474.000,0.00000,0.40000,1340,1340,0.000,0.000,0.000
10.400,1,1.0000,0.7558,0.2442,-1.906,475.000,0.00000,0.40000,1340,1340,0.000,0.000,0.000
10.500,1,1.0000,0.7548,0.2452,-2.004,473.000,0.00000,0.40000,1340,1340,0.000,0.000,0.000
10.600,1,1.0000,0.7517,0.2483,-1.955,474.000,0.00000,0.40000,1340,1340,0.000,0.000,0.000
10.700,1,1.0000,0.7599,0.2401,-1.955,474.000,0.00000,0.40000,1340,1340,0.000,0.000,0.000
10.800,1,1.0000,0.7548,0.2452,-1.955,474.000,0.00000,0.40000,1340,1340,0.000,0.000,0.000
10.900,1,1.0000,0.7742,0.2258,-2.004,473.000,0.00000,0.40000,1340,1340,0.000,0.000,0.000
11.000,1,1.0000,0.7773,0.2227,-2.004,473.000,0.00000,0.40000,1340,1340,0.000,0.000,0.000
11.101,1,1.0000,0.7967,0.2033,-1.955,474.000,0.00000,0.40000,1340,1340,0.000,0.000,0.000
11.200,1,1.0000,0.7967,0.2033,-1.857,476.000,0.00000,0.40000,1340,1340,0.000,0.000,0.000
11.300,1,1.0000,0.7875,0.2125,-2.004,473.000,0.00000,0.40000,1340,1340,0.000,0.000,0.000
11.400,1,1.0000,0.8193,0.1807,-2.102,471.000,0.00000,0.40000,1340,1340,0.000,0.000,0.000
11.500,1,1.0000,0.8100,0.1900,-1.906,475.000,0.00000,0.40000,1340,1340,0.000,0.000,0.000
11.600,1,1.0000,0.8254,0.1746,-2.004,473.000,0.00000,0.40000,1340,1340,0.000,0.000,0.000
11.700,1,1.0000,0.8233,0.1767,-1.955,474.000,0.00000,0.40000,1340,1340,0.000,0.000,0.000
11.800,1,1.0000,0.8090,0.1910,-2.053,472.000,0.00000,0.40000,1340,1340,0.000,0.000,0.000
11.900,1,1.0000,0.8060,0.1940,-2.053,472.000,0.00000,0.40000,1340,1340,0.000,0.000,0.000
12.000,1,1.0000,0.8111,0.1889,-2.004,473.000,0.00000,0.40000,1340,1340,0.000,0.000,0.000
12.100,1,1.0000,0.7998,0.2002,-1.955,474.000,0.00000,0.40000,1340,1340,0.000,0.000,0.000
12.200,1,1.0000,0.7988,0.2012,-1.955,474.000,0.00000,0.40000,1340,1340,0.000,0.000,0.000
12.300,1,1.0000,0.7773,0.2227,-1.955,474.000,0.00000,0.40000,1340,1340,0.000,0.000,0.000
12.400,1,1.0000,0.7988,0.2012,-2.053,472.000,0.00000,0.40000,1340,1340,0.000,0.000,0.000
12.500,1,1.0000,0.7855,0.2145,-1.955,474.000,0.00000,0.40000,1340,1340,0.000,0.000,0.000
12.600,1,1.0000,0.7569,0.2431,-2.004,473.000,0.00000,0.40000,1340,1340,0.000,0.000,0.000
12.700,1,1.0000,0.7722,0.2278,-2.004,473.000,0.00000,0.40000,1340,1340,0.000,0.000,0.000
12.800,1,1.0000,0.7650,0.2350,-1.955,474.000,0.00000,0.40000,1340,1340,0.000,0.000,0.000
12.900,1,1.0000,0.7742,0.2258,-1.955,474.000,0.00000,0.40000,1340,1340,0.000,0.000,0.000
13.000,1,1.0000,0.7681,0.2319,-1.955,474.000,0.00000,0.40000,1340,1340,0.000,0.000,0.000
13.100,1,1.0000,0.7681,0.2319,-2.004,473.000,0.00000,0.40000,1340,1340,0.000,0.000,0.000
13.200,1,1.0000,0.7835,0.2165,-2.151,470.000,0.00000,0.40000,1340,1340,0.000,0.000,0.000
13.300,1,1.0000,0.7957,0.2043,-2.053,472.000,0.00000,0.40000,1340,1340,0.000,0.000,0.000
13.400,1,1.0000,0.7927,0.2073,-1.906,475.000,0.00000,0.40000,1340,1340,0.000,0.000,0.000
13.500,1,1.0000,0.7896,0.2104,-2.004,473.000,0.00000,0.40000,1340,1340,0.000,0.000,0.000
13.600,1,1.0000,0.7947,0.2053,-2.053,472.000,0.00000,0.40000,1340,1340,0.000,0.000,0.000
13.700,1,1.0000,0.7773,0.2227,-2.004,473.000,0.00000,0.40000,1340,1340,0.000,0.000,0.000
13.800,1,1.0000,0.8172,0.1828,-1.955,474.000,0.00000,0.40000,1340,1340,0.000,0.000,0.000
13.900,1,1.0000,0.8315,0.1685,-1.955,474.000,0.00000,0.40000,1340,1340,0.000,0.000,0.000
14.000,1,1.0000,0.8121,0.1879,-1.955,474.000,0.00000,0.40000,1340,1340,0.000,0.000,0.000
14.100,1,1.0000,0.7967,0.2033,-1.906,475.000,0.00000,0.40000,1340,1340,0.000,0.000,0.000
14.200,1,1.0000,0.7814,0.2186,-1.906,475.000,0.00000,0.40000,1340,1340,0.000,0.000,0.000
14.300,1,1.0000,0.7998,0.2002,-2.004,473.000,0.00000,0.40000,1340,1340,0.000,0.000,0.000
14.400,1,1.0000,0.7835,0.2165,-1.906,475.000,0.00000,0.40000,1340,1340,0.000,0.000,0.000
14.500,1,1.0000,0.7763,0.2237,-1.955,474.000,0.00000,0.40000,1340,1340,0.000,0.000,0.000
14.600,1,1.0000,0.7824,0.2176,-2.004,473.000,0.00000,0.40000,1340,1340,0.000,0.000,0.000
14.700,1,1.0000,0.7794,0.2206,-2.004,473.000,0.00000,0.40000,1340,1340,0.000,0.000,0.000
14.800,1,1.0000,0.7814,0.2186,-1.955,474.000,0.00000,0.40000,1340,1340,0.000,0.000,0.000
14.900,1,1.0000,0.7783,0.2217,-2.004,473.000,0.00000,0.40000,1340,1340,0.000,0.000,0.000
15.000,1,1.0000,0.7855,0.2145,-2.004,473.000,0.00000,0.40000,1340,1340,0.000,0.000,0.000
15.101,1,1.0000,0.7753,0.2247,-2.004,473.000,0.00000,0.40000,1340,1340,0.000,0.000,0.000
15.200,1,1.0000,0.7998,0.2002,-1.857,476.000,0.00000,0.40000,1340,1340,0.000,0.000,0.000
15.300,1,1.0000,0.7814,0.2186,-2.151,470.000,0.00000,0.40000,1340,1340,0.000,0.000,0.000
15.400,1,1.0000,0.7804,0.2196,-2.053,472.000,0.00000,0.40000,1340,1340,0.000,0.000,0.000
15.500,1,1.0000,0.7896,0.2104,-2.004,473.000,0.00000,0.40000,1340,1340,0.000,0.000,0.000
15.600,1,1.0000,0.8090,0.1910,-2.102,471.000,0.00000,0.40000,1340,1340,0.000,0.000,0.000
15.700,1,1.0000,0.7906,0.2094,-2.004,473.000,0.00000,0.40000,1340,1340,0.000,0.000,0.000
15.800,1,1.0000,0.8039,0.1961,-2.004,473.000,0.00000,0.40000,1340,1340,0.000,0.000,0.000
15.900,1,1.0000,0.7763,0.2237,-2.004,473.000,0.00000,0.40000,1340,1340,0.000,0.000,0.000
16.000,1,1.0000,0.7702,0.2298,-1.955,474.000,0.00000,0.40000,1340,1340,0.000,0.000,0.000
16.100,1,1.0000,0.7773,0.2227,-1.955,474.000,0.00000,0.40000,1340,1340,0.000,0.000,0.000
16.200,1,1.0000,0.7630,0.2370,-2.004,473.000,0.00000,0.40000,1340,1340,0.000,0.000,0.000
16.300,1,1.0000,0.7712,0.2288,-2.004,473.000,0.00000,0.40000,1340,1340,0.000,0.000,0.000
16.400,1,1.0000,0.7548,0.2452,-1.955,474.000,0.00000,0.40000,1340,1340,0.000,0.000,0.000
16.500,1,1.0000,0.7763,0.2237,-2.053,472.000,0.00000,0.40000,1340,1340,0.000,0.000,0.000
16.600,1,1.0000,0.7538,0.2462,-2.004,473.000,0.00000,0.40000,1340,1340,0.000,0.000,0.000
16.700,1,1.0000,0.7640,0.2360,-1.955,474.000,0.00000,0.40000,1340,1340,0.000,0.000,0.000
16.800,1,1.0000,0.7691,0.2309,-1.955,474.000,0.00000,0.40000,1340,1340,0.000,0.000,0.000
16.900,1,1.0000,0.7691,0.2309,-1.955,474.000,0.00000,0.40000,1340,1340,0.000,0.000,0.000
17.000,1,1.0000,0.7937,0.2063,-1.906,475.000,0.00000,0.40000,1340,1340,0.000,0.000,0.000
17.100,1,1.0000,0.7794,0.2206,-1.955,474.000,0.00000,0.40000,1340,1340,0.000,0.000,0.000
17.200,1,1.0000,0.7855,0.2145,-2.102,471.000,0.00000,0.40000,1340,1340,0.000,0.000,0.000
17.300,1,1.0000,0.7855,0.2145,-2.102,471.000,0.00000,0.40000,1340,1340,0.000,0.000,0.000
17.400,1,1.0000,0.7824,0.2176,-1.955,474.000,0.00000,0.40000,1340,1340,0.000,0.000,0.000
17.500,1,1.0000,0.7916,0.2084,-1.955,474.000,0.00000,0.40000,1340,1340,0.000,0.000,0.000
17.600,1,1.0000,0.7947,0.2053,-1.955,474.000,0.00000,0.40000,1340,1340,0.000,0.000,0.000
17.700,1,1.0000,0.7783,0.2217,-1.906,475.000,0.00000,0.40000,1340,1340,0.000,0.000,0.000
17.800,1,1.0000,0.7814,0.2186,-1.955,474.000,0.00000,0.40000,1340,1340,0.000,0.000,0.000
17.900,1,1.0000,0.7804,0.2196,-1.955,474.000,0.00000,0.40000,1340,1340,0.000,0.000,0.000
18.000,1,1.0000,0.7957,0.2043,-2.004,473.000,0.00000,0.40000,1340,1340,0.000,0.000,0.000
18.100,1,1.0000,0.7998,0.2002,-2.102,471.000,0.00000,0.40000,1340,1340,0.000,0.000,0.000
18.200,1,1.0000,0.7804,0.2196,-1.955,474.000,0.00000,0.40000,1340,1340,0.000,0.000,0.000
18.300,1,1.0000,0.7875,0.2125,-2.053,472.000,0.00000,0.40000,1340,1340,0.000,0.000,0.000
18.400,1,1.0000,0.7824,0.2176,-2.053,472.000,0.00000,0.40000,1340,1340,0.000,0.000,0.000
18.500,1,1.0000,0.7824,0.2176,-2.053,472.000,0.00000,0.40000,1340,1340,0.000,0.000,0.000
18.600,1,1.0000,0.7906,0.2094,-2.004,473.000,0.00000,0.40000,1340,1340,0.000,0.000,0.000
18.700,1,1.0000,0.7835,0.2165,-2.004,473.000,0.00000,0.40000,1340,1340,0.000,0.000,0.000
18.800,1,1.0000,0.7732,0.2268,-2.053,472.000,0.00000,0.40000,1340,1340,0.000,0.000,0.000
18.900,1,1.0000,0.7896,0.2104,-2.004,473.000,0.00000,0.40000,1340,1340,0.000,0.000,0.000
19.000,1,1.0000,0.7753,0.2247,-1.955,474.000,0.00000,0.40000,1340,1340,0.000,0.000,0.000
19.101,1,1.0000,0.7712,0.2288,-1.955,474.000,0.00000,0.40000,1340,1340,0.000,0.000,0.000
19.200,1,1.0000,0.7589,0.2411,-1.955,474.000,0.00000,0.40000,1340,1340,0.000,0.000,0.000
19.300,1,1.0000,0.7753,0.2247,-1.955,474.000,0.00000,0.40000,1340,1340,0.000,0.000,0.000
19.400,1,1.0000,0.7722,0.2278,-1.906,475.000,0.00000,0.40000,1340,1340,0.000,0.000,0.000
19.500,1,1.0000,0.7845,0.2155,-2.004,473.000,0.00000,0.40000,1340,1340,0.000,0.000,0.000
19.600,1,1.0000,0.7681,0.2319,-1.857,476.000,0.00000,0.40000,1340,1340,0.000,0.000,0.000
19.700,1,1.0000,0.7773,0.2227,-1.955,474.000,0.00000,0.40000,1340,1340,0.000,0.000,0.000
19.800,1,1.0000,0.7835,0.2165,-2.151,470.000,0.00000,0.40000,1340,1340,0.000,0.000,0.000
19.900,1,1.0000,0.7763,0.2237,-2.004,473.000,0.00000,0.40000,1340,1340,0.000,0.000,0.000
20.000,1,1.0000,0.7947,0.2053,-1.955,474.000,0.00000,0.40000,1340,1340,0.000,0.000,0.000
20.100,1,1.0000,0.7865,0.2135,-1.906,475.000,0.00000,0.40000,1340,1340,0.000,0.000,0.000
20.200,1,1.0000,0.7978,0.2022,-1.857,476.000,0.00000,0.40000,1340,1340,0.000,0.000,0.000
20.300,1,1.0000,0.7845,0.2155,-1.955,474.000,0.00000,0.40000,1340,1340,0.000,0.000,0.000
20.400,1,1.0000,0.7906,0.2094,-1.955,474.000,0.00000,0.40000,1340,1340,0.000,0.000,0.000
20.500,1,1.0000,0.8008,0.1992,-2.004,473.000,0.00000,0.40000,1340,1340,0.000,0.000,0.000
20.600,1,1.0000,0.8070,0.1930,-1.955,474.000,0.00000,0.40000,1340,1340,0.000,0.000,0.000
20.700,1,1.0000,0.8049,0.1951,-2.004,473.000,0.00000,0.40000,1340,1340,0.000,0.000,0.000
20.800,1,1.0000,0.7978,0.2022,-2.004,473.000,0.00000,0.40000,1340,1340,0.000,0.000,0.000
20.900,1,1.0000,0.8131,0.1869,-2.004,473.000,0.00000,0.40000,1340,1340,0.000,0.000,0.000
21.000,1,1.0000,0.7896,0.2104,-1.955,474.000,0.00000,0.40000,1340,1340,0.000,0.000,0.000
21.100,1,1.0000,0.7896,0.2104,-2.004,473.000,0.00000,0.40000,1340,1340,0.000,0.000,0.000
21.200,1,1.0000,0.7927,0.2073,-1.955,474.000,0.00000,0.40000,1340,1340,0.000,0.000,0.000
21.300,1,1.0000,0.7814,0.2186,-2.102,471.000,0.00000,0.40000,1340,1340,0.000,0.000,0.000
21.400,1,1.0000,0.7702,0.2298,-2.102,471.000,0.00000,0.40000,1340,1340,0.000,0.000,0.000
21.500,1,1.0000,0.7794,0.2206,-2.004,473.000,0.00000,0.40000,1340,1340,0.000,0.000,0.000
21.600,1,1.0000,0.7712,0.2288,-2.004,473.000,0.00000,0.40000,1340,1340,0.000,0.000,0.000
21.700,1,1.0000,0.7732,0.2268,-2.004,473.000,0.00000,0.40000,1340,1340,0.000,0.000,0.000
21.800,1,1.0000,0.7528,0.2472,-2.004,473.000,0.00000,0.40000,1340,1340,0.000,0.000,0.000
21.900,1,1.0000,0.7599,0.2401,-1.955,474.000,0.00000,0.40000,1340,1340,0.000,0.000,0.000
22.000,1,1.0000,0.7558,0.2442,-1.955,474.000,0.00000,0.40000,1340,1340,0.000,0.000,0.000
22.100,1,1.0000,0.7538,0.2462,-1.955,474.000,0.00000,0.40000,1340,1340,0.000,0.000,0.000
22.200,1,1.0000,0.7712,0.2288,-2.102,471.000,0.00000,0.40000,1340,1340,0.000,0.000,0.000
22.300,1,1.0000,0.7497,0.2503,-2.004,473.000,0.00000,0.40000,1340,1340,0.000,0.000,0.000
22.400,1,1.0000,0.7712,0.2288,-1.955,474.000,0.00000,0.40000,1340,1340,0.000,0.000,0.000
22.500,1,1.0000,0.7589,0.2411,-1.857,476.000,0.00000,0.40000,1340,1340,0.000,0.000,0.000
22.600,1,1.0000,0.7579,0.2421,-1.906,475.000,0.00000,0.40000,1340,1340,0.000,0.000,0.000
22.700,1,1.0000,0.7630,0.2370,-1.955,474.000,0.00000,0.40000,1340,1340,0.000,0.000,0.000
22.800,1,1.0000,0.7691,0.2309,-1.955,474.000,0.00000,0.40000,1340,1340,0.000,0.000,0.000
22.900,1,1.0000,0.7732,0.2268,-1.906,475.000,0.00000,0.40000,1340,1340,0.000,0.000,0.000
23.000,1,1.0000,0.7886,0.2114,-2.004,473.000,0.00000,0.40000,1340,1340,0.000,0.000,0.000
23.100,1,1.0000,0.7916,0.2084,-1.955,474.000,0.00000,0.40000,1340,1340,0.000,0.000,0.000
23.200,1,1.0000,0.7671,0.2329,-1.955,474.000,0.00000,0.40000,1340,1340,0.000,0.000,0.000
23.300,1,1.0000,0.7804,0.2196,-1.955,474.000,0.00000,0.40000,1340,1340,0.000,0.000,0.000
23.400,1,1.0000,0.7712,0.2288,-2.004,473.000,0.00000,0.40000,1340,1340,0.000,0.000,0.000
23.500,1,1.0000,0.7855,0.2145,-1.955,474.000,0.00000,0.40000,1340,1340,0.000,0.000,0.000
23.600,1,1.0000,0.7814,0.2186,-2.004,473.000,0.00000,0.40000,1340,1340,0.000,0.000,0.000
23.700,1,1.0000,0.7875,0.2125,-2.004,473.000,0.00000,0.40000,1340,1340,0.000,0.000,0.000
23.800,1,1.0000,0.7824,0.2176,-2.004,473.000,0.00000,0.40000,1340,1340,0.000,0.000,0.000
23.900,1,1.0000,0.7947,0.2053,-2.004,473.000,0.00000,0.40000,1340,1340,0.000,0.000,0.000
24.000,1,1.0000,0.7691,0.2309,-2.004,473.000,0.00000,0.40000,1340,1340,0.000,0.000,0.000
24.100,1,1.0000,0.7835,0.2165,-2.004,473.000,0.00000,0.40000,1340,1340,0.000,0.000,0.000
24.200,1,1.0000,0.7937,0.2063,-2.151,470.000,0.00000,0.40000,1340,1340,0.000,0.000,0.000
24.300,1,1.0000,0.7814,0.2186,-2.053,472.000,0.00000,0.40000,1340,1340,0.000,0.000,0.000
24.400,1,1.0000,0.7732,0.2268,-2.004,473.000,0.00000,0.40000,1340,1340,0.000,0.000,0.000
24.500,1,1.0000,0.7661,0.2339,-1.906,475.000,0.00000,0.40000,1340,1340,0.000,0.000,0.000
24.600,1,1.0000,0.7640,0.2360,-2.004,473.000,0.00000,0.40000,1340,1340,0.000,0.000,0.000
24.700,1,1.0000,0.7507,0.2493,-1.955,474.000,0.00000,0.40000,1340,1340,0.000,0.000,0.000
24.800,1,1.0000,0.7579,0.2421,-2.004,473.000,0.00000,0.40000,1340,1340,0.000,0.000,0.000
24.900,1,1.0000,0.7405,0.2595,-2.053,472.000,0.00000,0.40000,1340,1340,0.000,0.000,0.000
25.000,1,1.0000,0.7558,0.2442,-2.004,473.000,0.00000,0.40000,1340,1340,0.000,0.000,0.000
25.100,1,1.0000,0.7333,0.2667,-2.053,472.000,0.00000,0.40000,1340,1340,0.000,0.000,0.000
25.200,1,1.0000,0.7466,0.2534,-2.053,472.000,0.00000,0.40000,1340,1340,0.000,0.000,0.000
25.300,1,1.0000,0.7241,0.2759,-1.955,474.000,0.00000,0.40000,1340,1340,0.000,0.000,0.000
25.400,1,1.0000,0.7149,0.2851,-2.053,472.000,0.00000,0.40000,1340,1340,0.000,0.000,0.000
25.500,1,1.0000,0.7211,0.2789,-2.004,473.000,0.00000,0.40000,1340,1340,0.000,0.000,0.000
25.600,1,1.0000,0.7119,0.2881,-2.004,473.000,0.00000,0.40000,1340,1340,0.000,0.000,0.000
25.700,1,1.0000,0.6863,0.3137,-2.004,473.000,0.00000,0.40000,1340,1340,0.000,0.000,0.000
25.800,1,1.0000,0.6894,0.3106,-2.004,473.000,0.00000,0.40000,1340,1340,0.000,0.000,0.000
25.900,1,1.0000,0.6955,0.3045,-2.004,473.000,0.00000,0.40000,1340,1340,0.000,0.000,0.000
26.000,1,1.0000,0.6873,0.3127,-2.004,473.000,0.00000,0.40000,1340,1340,0.000,0.000,0.000
26.100,1,1.0000,0.6853,0.3147,-2.004,473.000,0.00000,0.40000,1340,1340,0.000,0.000,0.000
26.200,1,1.0000,0.7078,0.2922,-2.053,472.000,0.00000,0.40000,1340,1340,0.000,0.000,0.000
26.300,1,1.0000,0.7211,0.2789,-2.151,470.000,0.00000,0.40000,1340,1340,0.000,0.000,0.000
26.400,1,1.0000,0.7139,0.2861,-1.955,474.000,0.00000,0.40000,1340,1340,0.000,0.000,0.000
26.500,1,1.0000,0.7385,0.2615,-1.955,474.000,0.00000,0.40000,1340,1340,0.000,0.000,0.000
26.600,1,1.0000,0.7344,0.2656,-2.004,473.000,0.00000,0.40000,1340,1340,0.000,0.000,0.000
26.700,1,1.0000,0.7436,0.2564,-1.955,474.000,0.00000,0.40000,1340,1340,0.000,0.000,0.000
26.800,1,1.0000,0.7333,0.2667,-1.906,475.000,0.00000,0.40000,1340,1340,0.000,0.000,0.000
26.900,1,1.0000,0.7211,0.2789,-1.906,475.000,0.00000,0.40000,1340,1340,0.000,0.000,0.000
27.000,1,1.0000,0.7180,0.2820,-1.955,474.000,0.00000,0.40000,1340,1340,0.000,0.000,0.000
27.100,1,1.0000,0.7149,0.2851,-1.955,474.000,0.00000,0.40000,1340,1340,0.000,0.000,0.000
27.200,1,1.0000,0.6863,0.3137,-1.955,474.000,0.00000,0.40000,1340,1340,0.000,0.000,0.000
27.300,1,1.0000,0.6832,0.3168,-2.004,473.000,0.00000,0.40000,1340,1340,0.000,0.000,0.000
27.400,1,1.0000,0.6730,0.3270,-2.004,473.000,0.00000,0.40000,1340,1340,0.000,0.000,0.000
27.500,1,1.0000,0.6802,0.3198,-1.955,474.000,0.00000,0.40000,1340,1340,0.000,0.000,0.000
27.600,1,1.0000,0.6761,0.3239,-2.004,473.000,0.00000,0.40000,1340,1340,0.000,0.000,0.000
27.700,1,1.0000,0.6658,0.3342,-2.004,473.000,0.00000,0.40000,1340,1340,0.000,0.000,0.000
27.800,1,1.0000,0.6771,0.3229,-2.004,473.000,0.00000,0.40000,1340,1340,0.000,0.000,0.000
27.900,1,1.0000,0.6873,0.3127,-2.004,473.000,0.00000,0.40000,1340,1340,0.000,0.000,0.000
28.000,1,1.0000,0.6781,0.3219,-2.004,473.000,0.00000,0.40000,1340,1340,0.000,0.000,0.000
28.100,1,1.0000,0.6863,0.3137,-2.004,473.000,0.00000,0.40000,1340,1340,0.000,0.000,0.000
28.200,1,1.0000,0.6914,0.3086,-2.053,472.000,0.00000,0.40000,1340,1340,0.000,0.000,0.000
28.300,1,1.0000,0.6975,0.3025,-1.955,474.000,0.00000,0.40000,1340,1340,0.000,0.000,0.000
28.400,1,1.0000,0.7088,0.2912,-1.955,474.000,0.00000,0.40000,1340,1340,0.000,0.000,0.000
28.500,1,1.0000,0.7047,0.2953,-1.955,474.000,0.00000,0.40000,1340,1340,0.000,0.000,0.000
28.600,1,1.0000,0.6924,0.3076,-1.906,475.000,0.00000,0.40000,1340,1340,0.000,0.000,0.000
28.700,1,1.0000,0.7067,0.2933,-1.955,474.000,0.00000,0.40000,1340,1340,0.000,0.000,0.000
28.800,1,1.0000,0.6955,0.3045,-1.955,474.000,0.00000,0.40000,1340,1340,0.000,0.000,0.000
28.900,1,1.0000,0.6934,0.3066,-2.004,473.000,0.00000,0.40000,1340,1340,0.000,0.000,0.000
29.000,1,1.0000,0.6812,0.3188,-1.906,475.000,0.00000,0.40000,1340,1340,0.000,0.000,0.000
29.100,1,1.0000,0.6617,0.3383,-1.955,474.000,0.00000,0.40000,1340,1340,0.000,0.000,0.000
29.200,1,1.0000,0.6577,0.3423,-2.053,472.000,0.00000,0.40000,1340,1340,0.000,0.000,0.000
29.300,1,1.0000,0.6617,0.3383,-1.906,475.000,0.00000,0.40000,1340,1340,0.000,0.000,0.000
29.400,1,1.0000,0.6525,0.3475,-1.955,474.000,0.00000,0.40000,1340,1340,0.000,0.000,0.000
29.500,1,1.0000,0.6351,0.3649,-1.955,474.000,0.00000,0.40000,1340,1340,0.000,0.000,0.000
29.600,1,1.0000,0.6219,0.3781,-1.955,474.000,0.00000,0.40000,1340,1340,0.000,0.000,0.000
29.700,1,1.0000,0.6280,0.3720,-1.955,474.000,0.00000,0.40000,1340,1340,0.000,0.000,0.000
29.800,1,1.0000,0.5912,0.4088,-1.955,474.000,0.00000,0.40000,1340,1340,0.000,0.000,0.000
29.900,1,1.0000,0.6004,0.3996,-1.906,475.000,0.00000,0.40000,1340,1340,0.000,0.000,0.000
30.000,1,1.0000,0.5697,0.4303,-1.955,474.000,0.00000,0.40000,1340,1340,0.000,0.000,0.000
30.101,1,1.0000,0.5482,0.4518,-1.906,475.000,0.00000,0.40000,1340,1340,0.000,0.000,0.000
30.200,1,1.0000,0.5400,0.4600,-2.053,472.000,0.00000,0.40000,1340,1340,0.000,0.000,0.000
30.300,1,1.0000,0.5267,0.4733,-1.857,476.000,0.00000,0.40000,1340,1340,0.000,0.000,0.000
30.400,1,1.0000,0.5298,0.4702,-1.906,475.000,0.00000,0.40000,1340,1340,0.000,0.000,0.000
30.500,1,1.0000,0.5257,0.4743,-1.955,474.000,0.00000,0.40000,1340,1340,0.000,0.000,0.000
30.600,1,1.0000,0.5257,0.4743,-2.102,471.000,0.00000,0.40000,1340,1340,0.000,0.000,0.000
30.700,1,1.0000,0.5339,0.4661,-1.906,475.000,0.00000,0.40000,1340,1340,0.000,0.000,0.000
30.800,1,1.0000,0.5308,0.4692,-1.955,474.000,0.00000,0.40000,1340,1340,0.000,0.000,0.000
30.900,1,1.0000,0.5554,0.4446,-1.955,474.000,0.00000,0.40000,1340,1340,0.000,0.000,0.000
31.000,1,1.0000,0.5503,0.4497,-1.955,474.000,0.00000,0.40000,1340,1340,0.000,0.000,0.000
31.100,1,1.0000,0.5687,0.4313,-1.955,474.000,0.00000,0.40000,1340,1340,0.000,0.000,0.000
31.200,1,1.0000,0.5840,0.4160,-1.955,474.000,0.00000,0.40000,1340,1340,0.000,0.000,0.000
31.300,1,1.0000,0.5922,0.4078,-1.955,474.000,0.00000,0.40000,1340,1340,0.000,0.000,0.000
31.400,1,1.0000,0.5963,0.4037,-2.004,473.000,0.00000,0.40000,1340,1340,0.000,0.000,0.000
31.500,1,1.0000,0.6086,0.3914,-2.151,470.000,0.00000,0.40000,1340,1340,0.000,0.000,0.000
31.600,1,1.0000,0.6229,0.3771,-2.004,473.000,0.00000,0.40000,1340,1340,0.000,0.000,0.000
31.700,1,1.0000,0.6392,0.3608,-1.955,474.000,0.00000,0.40000,1340,1340,0.000,0.000,0.000
31.800,1,1.0000,0.6444,0.3556,-2.004,473.000,0.00000,0.40000,1340,1340,0.000,0.000,0.000
31.900,1,1.0000,0.6750,0.3250,-1.955,474.000,0.00000,0.40000,1340,1340,0.000,0.000,0.000
32.000,1,1.0000,0.6924,0.3076,-1.955,474.000,0.00000,0.40000,1340,1340,0.000,0.000,0.000
32.100,1,1.0000,0.6894,0.3106,-2.004,473.000,0.00000,0.40000,1340,1340,0.000,0.000,0.000
32.200,1,1.0000,0.6924,0.3076,-2.053,472.000,0.00000,0.40000,1340,1340,0.000,0.000,0.000
32.300,1,1.0000,0.7241,0.2759,-1.906,475.000,0.00000,0.40000,1340,1340,0.000,0.000,0.000
32.400,1,1.0000,0.7057,0.2943,-1.955,474.000,0.00000,0.40000,1340,1340,0.000,0.000,0.000
32.500,1,1.0000,0.7057,0.2943,-1.955,474.000,0.00000,0.40000,1340,1340,0.000,0.000,0.000
32.600,1,1.0000,0.6894,0.3106,-1.955,474.000,0.00000,0.40000,1340,1340,0.000,0.000,0.000
32.700,1,1.0000,0.6853,0.3147,-1.955,474.000,0.00000,0.40000,1340,1340,0.000,0.000,0.000
32.800,1,1.0000,0.6464,0.3536,-2.004,473.000,0.00000,0.40000,1340,1340,0.000,0.000,0.000
32.900,1,1.0000,0.6362,0.3638,-1.955,474.000,0.00000,0.40000,1340,1340,0.000,0.000,0.000
33.000,1,1.0000,0.6096,0.3904,-2.004,473.000,0.00000,0.40000,1340,1340,0.000,0.000,0.000
33.100,1,1.0000,0.5953,0.4047,-1.955,474.000,0.00000,0.40000,1340,1340,0.000,0.000,0.000
33.200,1,1.0000,0.5697,0.4303,-1.955,474.000,0.00000,0.40000,1340,1340,0.000,0.000,0.000
33.300,1,1.0000,0.5728,0.4272,-1.955,474.000,0.00000,0.40000,1340,1340,0.000,0.000,0.000
33.400,1,1.0000,0.5636,0.4364,-2.053,472.000,0.00000,0.40000,1340,1340,0.000,0.000,0.000
33.500,1,1.0000,0.5482,0.4518,-2.004,473.000,0.00000,0.40000,1340,1340,0.000,0.000,0.000
33.600,1,1.0000,0.5574,0.4426,-2.004,473.000,0.00000,0.40000,1340,1340,0.000,0.000,0.000
33.700,1,1.0000,0.5625,0.4375,-2.053,472.000,0.00000,0.40000,1340,1340,0.000,0.000,0.000
33.800,1,1.0000,0.5472,0.4528,-2.053,472.000,0.00000,0.40000,1340,1340,0.000,0.000,0.000
33.900,1,1.0000,0.5533,0.4467,-2.053,472.000,0.00000,0.40000,1340,1340,0.000,0.000,0.000
34.000,1,1.0000,0.5615,0.4385,-2.053,472.000,0.00000,0.40000,1340,1340,0.000,0.000,0.000
34.101,1,1.0000,0.5503,0.4497,-2.004,473.000,0.00000,0.40000,1340,1340,0.000,0.000,0.000
34.200,1,1.0000,0.5615,0.4385,-2.102,471.000,0.00000,0.40000,1340,1340,0.000,0.000,0.000
34.300,1,1.0000,0.5359,0.4641,-2.053,472.000,0.00000,0.40000,1340,1340,0.000,0.000,0.000
34.400,1,1.0000,0.5206,0.4794,-2.053,472.000,0.00000,0.40000,1340,1340,0.000,0.000,0.000
34.500,1,1.0000,0.5114,0.4886,-2.102,471.000,0.00000,0.40000,1340,1340,0.000,0.000,0.000
34.600,1,1.0000,0.5053,0.4947,-2.102,471.000,0.00000,0.40000,1340,1340,0.000,0.000,0.000
34.700,1,1.0000,0.5022,0.4978,-2.102,471.000,0.00000,0.40000,1340,1340,0.000,0.000,0.000
34.800,1,1.0000,0.5237,0.4763,-2.151,470.000,0.00000,0.40000,1340,1340,0.000,0.000,0.000
34.900,1,1.0000,0.5226,0.4774,-2.199,469.000,0.00000,0.40000,1340,1340,0.000,0.000,0.000
35.000,1,1.0000,0.5492,0.4508,-2.151,470.000,0.00000,0.40000,1340,1340,0.000,0.000,0.000
35.100,1,1.0000,0.5462,0.4538,-2.004,473.000,0.00000,0.40000,1340,1340,0.000,0.000,0.000
35.200,1,1.0000,0.5533,0.4467,-1.955,474.000,0.00000,0.40000,1340,1340,0.000,0.000,0.000
35.300,1,1.0000,0.5738,0.4262,-1.955,474.000,0.00000,0.40000,1340,1340,0.000,0.000,0.000
35.400,1,1.0000,0.5758,0.4242,-1.955,474.000,0.00000,0.40000,1340,1340,0.000,0.000,0.000
35.500,1,1.0000,0.5820,0.4180,-2.004,473.000,0.00000,0.40000,1340,1340,0.000,0.000,0.000
35.600,1,1.0000,0.5891,0.4109,-2.004,473.000,0.00000,0.40000,1340,1340,0.000,0.000,0.000
35.700,1,1.0000,0.5830,0.4170,-2.102,471.000,0.00000,0.40000,1340,1340,0.000,0.000,0.000
35.800,1,1.0000,0.5912,0.4088,-2.004,473.000,0.00000,0.40000,1340,1340,0.000,0.000,0.000
35.900,1,1.0000,0.6086,0.3914,-2.004,473.000,0.00000,0.40000,1340,1340,0.000,0.000,0.000
36.000,1,1.0000,0.6198,0.3802,-2.053,472.000,0.00000,0.40000,1340,1340,0.000,0.000,0.000
36.100,1,1.0000,0.6362,0.3638,-2.004,473.000,0.00000,0.40000,1340,1340,0.000,0.000,0.000
36.200,1,1.0000,0.6597,0.3403,-2.004,473.000,0.00000,0.40000,1340,1340,0.000,0.000,0.000
36.300,1,1.0000,0.6975,0.3025,-2.151,470.000,0.00000,0.40000,1340,1340,0.000,0.000,0.000
36.400,1,1.0000,0.7252,0.2748,-2.102,471.000,0.00000,0.40000,1340,1340,0.000,0.000,0.000
36.500,1,1.0000,0.7528,0.2472,-2.053,472.000,0.00000,0.40000,1340,1340,0.000,0.000,0.000
36.600,1,1.0000,0.7712,0.2288,-2.053,472.000,0.00000,0.40000,1340,1340,0.000,0.000,0.000
36.700,1,1.0000,0.7814,0.2186,-2.102,471.000,0.00000,0.40000,1340,1340,0.000,0.000,0.000
36.800,1,1.0000,0.8090,0.1910,-2.053,472.000,0.00000,0.40000,1340,1340,0.000,0.000,0.000
36.900,1,1.0000,0.8203,0.1797,-2.004,473.000,0.00000,0.40000,1340,1340,0.000,0.000,0.000
37.000,1,1.0000,0.8387,0.1613,-2.053,472.000,0.00000,0.40000,1340,1340,0.000,0.000,0.000
37.100,1,1.0000,0.8366,0.1634,-2.004,473.000,0.00000,0.40000,1340,1340,0.000,0.000,0.000
37.200,1,1.0000,0.8510,0.1490,-2.004,473.000,0.00000,0.40000,1340,1340,0.000,0.000,0.000
37.300,1,1.0000,0.8612,0.1388,-2.053,472.000,0.00000,0.40000,1340,1340,0.000,0.000,0.000
37.400,1,1.0000,0.8602,0.1398,-2.053,472.000,0.00000,0.40000,1340,1340,0.000,0.000,0.000
37.500,1,1.0000,0.8622,0.1378,-2.053,472.000,0.00000,0.40000,1340,1340,0.000,0.000,0.000
37.600,1,1.0000,0.8816,0.1184,-2.053,472.000,0.00000,0.40000,1340,1340,0.000,0.000,0.000
37.700,1,1.0000,0.8745,0.1255,-2.004,473.000,0.00000,0.40000,1340,1340,0.000,0.000,0.000
37.800,1,1.0000,0.8806,0.1194,-2.053,472.000,0.00000,0.40000,1340,1340,0.000,0.000,0.000
37.900,1,1.0000,0.8683,0.1317,-2.053,472.000,0.00000,0.40000,1340,1340,0.000,0.000,0.000
38.000,1,1.0000,0.8663,0.1337,-1.955,474.000,0.00000,0.40000,1340,1340,0.000,0.000,0.000
38.100,1,1.0000,0.8683,0.1317,-2.102,471.000,0.00000,0.40000,1340,1340,0.000,0.000,0.000
38.200,1,1.0000,0.8827,0.1173,-2.053,472.000,0.00000,0.40000,1340,1340,0.000,0.000,0.000
38.300,1,1.0000,0.8714,0.1286,-2.102,471.000,0.00000,0.40000,1340,1340,0.000,0.000,0.000
38.400,1,1.0000,0.8929,0.1071,-2.053,472.000,0.00000,0.40000,1340,1340,0.000,0.000,0.000
38.500,1,1.0000,0.8898,0.1102,-2.004,473.000,0.00000,0.40000,1340,1340,0.000,0.000,0.000
38.600,1,1.0000,0.8786,0.1214,-2.053,472.000,0.00000,0.40000,1340,1340,0.000,0.000,0.000
38.700,1,1.0000,0.8786,0.1214,-2.053,472.000,0.00000,0.40000,1340,1340,0.000,0.000,0.000
38.800,1,1.0000,0.8878,0.1122,-2.053,472.000,0.00000,0.40000,1340,1340,0.000,0.000,0.000
38.900,1,1.0000,0.8796,0.1204,-2.053,472.000,0.00000,0.40000,1340,1340,0.000,0.000,0.000
39.000,1,1.0000,0.8765,0.1235,-2.053,472.000,0.00000,0.40000,1340,1340,0.000,0.000,0.000
39.100,1,1.0000,0.8683,0.1317,-2.102,471.000,0.00000,0.40000,1340,1340,0.000,0.000,0.000
39.200,1,1.0000,0.8714,0.1286,-2.102,471.000,0.00000,0.40000,1340,1340,0.000,0.000,0.000
39.300,1,1.0000,0.8765,0.1235,-2.053,472.000,0.00000,0.40000,1340,1340,0.000,0.000,0.000
39.400,1,1.0000,0.8827,0.1173,-2.102,471.000,0.00000,0.40000,1340,1340,0.000,0.000,0.000
39.500,1,1.0000,0.8827,0.1173,-2.199,469.000,0.00000,0.40000,1340,1340,0.000,0.000,0.000
39.600,1,1.0000,0.8786,0.1214,-2.102,471.000,0.00000,0.40000,1340,1340,0.000,0.000,0.000
39.700,1,1.0000,0.8765,0.1235,-2.053,472.000,0.00000,0.40000,1340,1340,0.000,0.000,0.000
39.800,1,1.0000,0.8724,0.1276,-2.004,473.000,0.00000,0.40000,1340,1340,0.000,0.000,0.000
39.900,1,1.0000,0.8735,0.1265,-2.102,471.000,0.00000,0.40000,1340,1340,0.000,0.000,0.000
40.000,1,1.0000,0.8694,0.1306,-2.004,473.000,0.00000,0.40000,1340,1340,0.000,0.000,0.000
40.100,1,1.0000,0.8632,0.1368,-2.053,472.000,0.00000,0.40000,1340,1340,0.000,0.000,0.000
40.200,1,1.0000,0.8724,0.1276,-2.004,473.000,0.00000,0.40000,1340,1340,0.000,0.000,0.000
40.300,1,1.0000,0.8499,0.1501,-2.053,472.000,0.00000,0.40000,1340,1340,0.000,0.000,0.000
40.400,1,1.0000,0.8244,0.1756,-2.004,473.000,0.00000,0.40000,1340,1340,0.000,0.000,0.000
40.500,1,1.0000,0.8019,0.1981,-1.955,474.000,0.00000,0.40000,1340,1340,0.000,0.000,0.000
40.600,1,1.0000,0.8039,0.1961,-2.004,473.000,0.00000,0.40000,1340,1340,0.000,0.000,0.000
40.700,1,1.0000,0.7773,0.2227,-2.004,473.000,0.00000,0.40000,1340,1340,0.000,0.000,0.000
40.800,1,1.0000,0.7681,0.2319,-2.053,472.000,0.00000,0.40000,1340,1340,0.000,0.000,0.000
40.900,1,1.0000,0.7456,0.2544,-2.004,473.000,0.00000,0.40000,1340,1340,0.000,0.000,0.000
41.000,1,1.0000,0.7385,0.2615,-2.053,472.000,0.00000,0.40000,1340,1340,0.000,0.000,0.000
41.100,1,1.0000,0.7385,0.2615,-2.004,473.000,0.00000,0.40000,1340,1340,0.000,0.000,0.000
41.200,1,1.0000,0.7477,0.2523,-2.053,472.000,0.00000,0.40000,1340,1340,0.000,0.000,0.000
41.300,1,1.0000,0.7303,0.2697,-2.004,473.000,0.00000,0.40000,1340,1340,0.000,0.000,0.000
41.400,1,1.0000,0.7466,0.2534,-2.004,473.000,0.00000,0.40000,1340,1340,0.000,0.000,0.000
41.500,1,1.0000,0.7221,0.2779,-1.906,475.000,0.00000,0.40000,1340,1340,0.000,0.000,0.000
41.600,1,1.0000,0.7456,0.2544,-1.906,475.000,0.00000,0.40000,1340,1340,0.000,0.000,0.000
41.700,1,1.0000,0.7640,0.2360,-1.906,475.000,0.00000,0.40000,1340,1340,0.000,0.000,0.000
41.800,1,1.0000,0.7620,0.2380,-1.955,474.000,0.00000,0.40000,1340,1340,0.000,0.000,0.000
41.900,1,1.0000,0.7671,0.2329,-1.955,474.000,0.00000,0.40000,1340,1340,0.000,0.000,0.000
42.000,1,1.0000,0.7783,0.2217,-1.955,474.000,0.00000,0.40000,1340,1340,0.000,0.000,0.000
42.101,1,1.0000,0.7722,0.2278,-1.955,474.000,0.00000,0.40000,1340,1340,0.000,0.000,0.000
42.200,1,1.0000,0.7896,0.2104,-1.906,475.000,0.00000,0.40000,1340,1340,0.000,0.000,0.000
42.300,1,1.0000,0.7804,0.2196,-1.955,474.000,0.00000,0.40000,1340,1340,0.000,0.000,0.000
42.400,1,1.0000,0.7814,0.2186,-1.906,475.000,0.00000,0.40000,1340,1340,0.000,0.000,0.000
42.500,1,1.0000,0.7875,0.2125,-1.955,474.000,0.00000,0.40000,1340,1340,0.000,0.000,0.000
42.600,1,1.0000,0.7804,0.2196,-2.004,473.000,0.00000,0.40000,1340,1340,0.000,0.000,0.000
42.700,1,1.0000,0.7783,0.2217,-1.955,474.000,0.00000,0.40000,1340,1340,0.000,0.000,0.000
42.800,1,1.0000,0.7804,0.2196,-1.955,474.000,0.00000,0.40000,1340,1340,0.000,0.000,0.000
42.900,1,1.0000,0.7998,0.2002,-1.955,474.000,0.00000,0.40000,1340,1340,0.000,0.000,0.000
43.000,1,1.0000,0.7712,0.2288,-2.004,473.000,0.00000,0.40000,1340,1340,0.000,0.000,0.000
43.100,1,1.0000,0.7855,0.2145,-2.004,473.000,0.00000,0.40000,1340,1340,0.000,0.000,0.000
43.200,1,1.0000,0.7886,0.2114,-2.102,471.000,0.00000,0.40000,1340,1340,0.000,0.000,0.000
43.300,1,1.0000,0.7804,0.2196,-2.004,473.000,0.00000,0.40000,1340,1340,0.000,0.000,0.000
43.400,1,1.0000,0.7916,0.2084,-2.053,472.000,0.00000,0.40000,1340,1340,0.000,0.000,0.000
43.500,1,1.0000,0.7794,0.2206,-1.955,474.000,0.00000,0.40000,1340,1340,0.000,0.000,0.000
43.600,1,1.0000,0.7978,0.2022,-1.906,475.000,0.00000,0.40000,1340,1340,0.000,0.000,0.000
43.700,1,1.0000,0.7804,0.2196,-2.004,473.000,0.00000,0.40000,1340,1340,0.000,0.000,0.000
43.800,1,1.0000,0.7814,0.2186,-2.004,473.000,0.00000,0.40000,1340,1340,0.000,0.000,0.000
43.900,1,1.0000,0.7824,0.2176,-2.004,473.000,0.00000,0.40000,1340,1340,0.000,0.000,0.000
44.000,1,1.0000,0.7865,0.2135,-2.004,473.000,0.00000,0.40000,1340,1340,0.000,0.000,0.000
44.100,1,1.0000,0.7630,0.2370,-2.004,473.000,0.00000,0.40000,1340,1340,0.000,0.000,0.000
44.200,1,1.0000,0.7681,0.2319,-2.004,473.000,0.00000,0.40000,1340,1340,0.000,0.000,0.000
44.300,1,1.0000,0.7620,0.2380,-1.906,475.000,0.00000,0.40000,1340,1340,0.000,0.000,0.000
44.400,1,1.0000,0.7814,0.2186,-1.955,474.000,0.00000,0.40000,1340,1340,0.000,0.000,0.000
44.500,1,1.0000,0.7875,0.2125,-2.004,473.000,0.00000,0.40000,1340,1340,0.000,0.000,0.000
44.600,1,1.0000,0.7702,0.2298,-1.955,474.000,0.00000,0.40000,1340,1340,0.000,0.000,0.000
44.700,1,1.0000,0.7865,0.2135,-1.955,474.000,0.00000,0.40000,1340,1340,0.000,0.000,0.000
44.800,1,1.0000,0.8080,0.1920,-1.955,474.000,0.00000,0.40000,1340,1340,0.000,0.000,0.000
44.900,1,1.0000,0.7896,0.2104,-1.955,474.000,0.00000,0.40000,1340,1340,0.000,0.000,0.000
45.000,1,1.0000,0.7947,0.2053,-1.955,474.000,0.00000,0.40000,1340,1340,0.000,0.000,0.000
45.100,1,1.0000,0.7804,0.2196,-2.004,473.000,0.00000,0.40000,1340,1340,0.000,0.000,0.000
45.200,1,1.0000,0.8049,0.1951,-1.955,474.000,0.00000,0.40000,1340,1340,0.000,0.000,0.000
45.300,1,1.0000,0.8039,0.1961,-1.857,476.000,0.00000,0.40000,1340,1340,0.000,0.000,0.000
45.400,1,1.0000,0.7957,0.2043,-2.004,473.000,0.00000,0.40000,1340,1340,0.000,0.000,0.000
45.500,1,1.0000,0.7763,0.2237,-2.004,473.000,0.00000,0.40000,1340,1340,0.000,0.000,0.000
45.600,1,1.0000,0.7824,0.2176,-1.955,474.000,0.00000,0.40000,1340,1340,0.000,0.000,0.000
45.700,1,1.0000,0.7538,0.2462,-2.004,473.000,0.00000,0.40000,1340,1340,0.000,0.000,0.000
45.800,1,1.0000,0.7610,0.2390,-2.004,473.000,0.00000,0.40000,1340,1340,0.000,0.000,0.000
45.900,1,1.0000,0.7610,0.2390,-2.004,473.000,0.00000,0.40000,1340,1340,0.000,0.000,0.000
46.000,1,1.0000,0.7763,0.2237,-2.004,473.000,0.00000,0.40000,1340,1340,0.000,0.000,0.000
46.100,1,1.0000,0.7712,0.2288,-2.004,473.000,0.00000,0.40000,1340,1340,0.000,0.000,0.000
46.200,1,1.0000,0.7650,0.2350,-2.004,473.000,0.00000,0.40000,1340,1340,0.000,0.000,0.000
46.300,1,1.0000,0.7661,0.2339,-2.004,473.000,0.00000,0.40000,1340,1340,0.000,0.000,0.000
46.400,1,1.0000,0.7978,0.2022,-2.004,473.000,0.00000,0.40000,1340,1340,0.000,0.000,0.000
46.500,1,1.0000,0.7794,0.2206,-2.004,473.000,0.00000,0.40000,1340,1340,0.000,0.000,0.000
46.600,1,1.0000,0.7855,0.2145,-2.102,471.000,0.00000,0.40000,1340,1340,0.000,0.000,0.000
46.700,1,1.0000,0.7896,0.2104,-2.004,473.000,0.00000,0.40000,1340,1340,0.000,0.000,0.000
46.800,1,1.0000,0.8060,0.1940,-2.004,473.000,0.00000,0.40000,1340,1340,0.000,0.000,0.000
46.900,1,1.0000,0.8019,0.1981,-2.004,473.000,0.00000,0.40000,1340,1340,0.000,0.000,0.000
47.000,1,1.0000,0.8131,0.1869,-1.955,474.000,0.00000,0.40000,1340,1340,0.000,0.000,0.000
47.100,1,1.0000,0.8141,0.1859,-1.955,474.000,0.00000,0.40000,1340,1340,0.000,0.000,0.000
47.200,1,1.0000,0.7957,0.2043,-1.955,474.000,0.00000,0.40000,1340,1340,0.000,0.000,0.000
47.300,1,1.0000,0.8203,0.1797,-1.955,474.000,0.00000,0.40000,1340,1340,0.000,0.000,0.000
47.400,1,1.0000,0.8162,0.1838,-1.955,474.000,0.00000,0.40000,1340,1340,0.000,0.000,0.000
47.500,1,1.0000,0.7927,0.2073,-1.906,475.000,0.00000,0.40000,1340,1340,0.000,0.000,0.000
47.600,1,1.0000,0.7927,0.2073,-1.955,474.000,0.00000,0.40000,1340,1340,0.000,0.000,0.000
47.700,1,1.0000,0.7957,0.2043,-1.906,475.000,0.00000,0.40000,1340,1340,0.000,0.000,0.000
47.800,1,1.0000,0.7835,0.2165,-1.906,475.000,0.00000,0.40000,1340,1340,0.000,0.000,0.000
47.900,1,1.0000,0.7783,0.2217,-1.955,474.000,0.00000,0.40000,1340,1340,0.000,0.000,0.000
48.000,1,1.0000,0.7763,0.2237,-1.906,475.000,0.00000,0.40000,1340,1340,0.000,0.000,0.000
48.100,1,1.0000,0.7763,0.2237,-1.955,474.000,0.00000,0.40000,1340,1340,0.000,0.000,0.000
48.200,1,1.0000,0.7702,0.2298,-2.053,472.000,0.00000,0.40000,1340,1340,0.000,0.000,0.000
48.300,1,1.0000,0.7681,0.2319,-2.053,472.000,0.00000,0.40000,1340,1340,0.000,0.000,0.000
48.400,1,1.0000,0.7824,0.2176,-1.906,475.000,0.00000,0.40000,1340,1340,0.000,0.000,0.000
48.500,1,1.0000,0.7855,0.2145,-1.955,474.000,0.00000,0.40000,1340,1340,0.000,0.000,0.000
48.600,1,1.0000,0.7927,0.2073,-1.955,474.000,0.00000,0.40000,1340,1340,0.000,0.000,0.000
48.700,1,1.0000,0.7988,0.2012,-2.004,473.000,0.00000,0.40000,1340,1340,0.000,0.000,0.000
48.800,1,1.0000,0.8100,0.1900,-2.004,473.000,0.00000,0.40000,1340,1340,0.000,0.000,0.000
48.900,1,1.0000,0.8008,0.1992,-2.004,473.000,0.00000,0.40000,1340,1340,0.000,0.000,0.000
49.000,1,1.0000,0.8080,0.1920,-2.004,473.000,0.00000,0.40000,1340,1340,0.000,0.000,0.000
49.100,1,1.0000,0.8121,0.1879,-2.053,472.000,0.00000,0.40000,1340,1340,0.000,0.000,0.000
49.200,1,1.0000,0.8049,0.1951,-2.053,472.000,0.00000,0.40000,1340,1340,0.000,0.000,0.000
49.300,1,1.0000,0.8049,0.1951,-2.199,469.000,0.00000,0.40000,1340,1340,0.000,0.000,0.000
49.400,1,1.0000,0.8019,0.1981,-1.906,475.000,0.00000,0.40000,1340,1340,0.000,0.000,0.000
49.500,1,1.0000,0.7988,0.2012,-1.955,474.000,0.00000,0.40000,1340,1340,0.000,0.000,0.000
49.600,1,1.0000,0.7947,0.2053,-1.955,474.000,0.00000,0.40000,1340,1340,0.000,0.000,0.000
49.700,1,1.0000,0.7896,0.2104,-2.004,473.000,0.00000,0.40000,1340,1340,0.000,0.000,0.000
49.800,1,1.0000,0.7835,0.2165,-2.004,473.000,0.00000,0.40000,1340,1340,0.000,0.000,0.000
49.900,1,1.0000,0.7671,0.2329,-2.004,473.000,0.00000,0.40000,1340,1340,0.000,0.000,0.000
50.000,1,1.0000,0.7671,0.2329,-1.906,475.000,0.00000,0.40000,1340,1340,0.000,0.000,0.000
50.100,1,1.0000,0.7415,0.2585,-1.955,474.000,0.00000,0.40000,1340,1340,0.000,0.000,0.000
50.200,1,1.0000,0.7640,0.2360,-1.955,474.000,0.00000,0.40000,1340,1340,0.000,0.000,0.000
50.300,1,1.0000,0.7702,0.2298,-1.906,475.000,0.00000,0.40000,1340,1340,0.000,0.000,0.000
50.400,1,1.0000,0.7712,0.2288,-1.955,474.000,0.00000,0.40000,1340,1340,0.000,0.000,0.000
50.500,1,1.0000,0.7579,0.2421,-1.955,474.000,0.00000,0.40000,1340,1340,0.000,0.000,0.000
50.600,1,1.0000,0.7783,0.2217,-1.955,474.000,0.00000,0.40000,1340,1340,0.000,0.000,0.000
50.700,1,1.0000,0.7773,0.2227,-1.955,474.000,0.00000,0.40000,1340,1340,0.000,0.000,0.000
50.800,1,1.0000,0.7865,0.2135,-1.906,475.000,0.00000,0.40000,1340,1340,0.000,0.000,0.000
50.900,1,1.0000,0.7916,0.2084,-1.955,474.000,0.00000,0.40000,1340,1340,0.000,0.000,0.000
51.000,1,1.0000,0.7916,0.2084,-1.906,475.000,0.00000,0.40000,1340,1340,0.000,0.000,0.000
51.100,1,1.0000,0.7875,0.2125,-2.004,473.000,0.00000,0.40000,1340,1340,0.000,0.000,0.000
51.200,1,1.0000,0.8008,0.1992,-2.004,473.000,0.00000,0.40000,1340,1340,0.000,0.000,0.000
51.300,1,1.0000,0.7916,0.2084,-2.004,473.000,0.00000,0.40000,1340,1340,0.000,0.000,0.000
51.400,1,1.0000,0.8029,0.1971,-1.906,475.000,0.00000,0.40000,1340,1340,0.000,0.000,0.000
51.500,1,1.0000,0.8060,0.1940,-2.053,472.000,0.00000,0.40000,1340,1340,0.000,0.000,0.000
51.600,1,1.0000,0.8213,0.1787,-2.004,473.000,0.00000,0.40000,1340,1340,0.000,0.000,0.000
51.700,1,1.0000,0.7978,0.2022,-2.004,473.000,0.00000,0.40000,1340,1340,0.000,0.000,0.000
51.800,1,1.0000,0.7916,0.2084,-1.955,474.000,0.00000,0.40000,1340,1340,0.000,0.000,0.000
51.900,1,1.0000,0.7978,0.2022,-2.053,472.000,0.00000,0.40000,1340,1340,0.000,0.000,0.000
52.000,1,1.0000,0.7845,0.2155,-2.004,473.000,0.00000,0.40000,1340,1340,0.000,0.000,0.000
52.100,1,1.0000,0.8049,0.1951,-2.004,473.000,0.00000,0.40000,1340,1340,0.000,0.000,0.000
52.200,1,1.0000,0.7896,0.2104,-2.004,473.000,0.00000,0.40000,1340,1340,0.000,0.000,0.000
52.300,1,1.0000,0.7783,0.2217,-2.004,473.000,0.00000,0.40000,1340,1340,0.000,0.000,0.000
52.400,1,1.0000,0.7896,0.2104,-2.004,473.000,0.00000,0.40000,1340,1340,0.000,0.000,0.000
52.500,1,1.0000,0.7681,0.2319,-2.004,473.000,0.00000,0.40000,1340,1340,0.000,0.000,0.000
52.600,1,1.0000,0.7875,0.2125,-2.004,473.000,0.00000,0.40000,1340,1340,0.000,0.000,0.000
52.700,1,1.0000,0.7927,0.2073,-1.955,474.000,0.00000,0.40000,1340,1340,0.000,0.000,0.000
52.800,1,1.0000,0.7855,0.2145,-1.955,474.000,0.00000,0.40000,1340,1340,0.000,0.000,0.000
52.900,1,1.0000,0.7794,0.2206,-2.004,473.000,0.00000,0.40000,1340,1340,0.000,0.000,0.000
53.000,1,1.0000,0.7671,0.2329,-1.955,474.000,0.00000,0.40000,1340,1340,0.000,0.000,0.000
53.102,1,1.0000,0.7783,0.2217,-2.004,473.000,0.00000,0.40000,1340,1340,0.000,0.000,0.000
53.200,1,1.0000,0.7937,0.2063,-2.053,472.000,0.00000,0.40000,1340,1340,0.000,0.000,0.000
53.300,1,1.0000,0.7845,0.2155,-1.906,475.000,0.00000,0.40000,1340,1340,0.000,0.000,0.000
53.400,1,1.0000,0.7794,0.2206,-1.955,474.000,0.00000,0.40000,1340,1340,0.000,0.000,0.000
53.500,1,1.0000,0.7947,0.2053,-1.955,474.000,0.00000,0.40000,1340,1340,0.000,0.000,0.000
53.600,1,1.0000,0.7998,0.2002,-1.955,474.000,0.00000,0.40000,1340,1340,0.000,0.000,0.000
53.700,1,1.0000,0.7947,0.2053,-1.955,474.000,0.00000,0.40000,1340,1340,0.000,0.000,0.000
53.800,1,1.0000,0.8060,0.1940,-1.955,474.000,0.00000,0.40000,1340,1340,0.000,0.000,0.000
53.900,1,1.0000,0.7916,0.2084,-1.906,475.000,0.00000,0.40000,1340,1340,0.000,0.000,0.000
54.000,1,1.0000,0.8070,0.1930,-1.955,474.000,0.00000,0.40000,1340,1340,0.000,0.000,0.000
54.100,1,1.0000,0.8039,0.1961,-1.955,474.000,0.00000,0.40000,1340,1340,0.000,0.000,0.000
54.200,1,1.0000,0.8049,0.1951,-1.955,474.000,0.00000,0.40000,1340,1340,0.000,0.000,0.000
54.300,1,1.0000,0.7906,0.2094,-2.004,473.000,0.00000,0.40000,1340,1340,0.000,0.000,0.000
54.400,1,1.0000,0.8111,0.1889,-1.955,474.000,0.00000,0.40000,1340,1340,0.000,0.000,0.000
54.500,1,1.0000,0.8029,0.1971,-1.955,474.000,0.00000,0.40000,1340,1340,0.000,0.000,0.000
54.600,1,1.0000,0.8060,0.1940,-2.053,472.000,0.00000,0.40000,1340,1340,0.000,0.000,0.000
54.700,1,1.0000,0.8008,0.1992,-2.004,473.000,0.00000,0.40000,1340,1340,0.000,0.000,0.000
54.800,1,1.0000,0.7804,0.2196,-1.955,474.000,0.00000,0.40000,1340,1340,0.000,0.000,0.000
54.900,1,1.0000,0.8060,0.1940,-1.955,474.000,0.00000,0.40000,1340,1340,0.000,0.000,0.000
55.000,1,1.0000,0.7804,0.2196,-2.004,473.000,0.00000,0.40000,1340,1340,0.000,0.000,0.000
